USE [BMW-Goods-Allocation-Tools]
GO
/****** Object:  Table [dbo].[AuthorityInfo]    Script Date: 05/03/2017 23:59:01 ******/
SET IDENTITY_INSERT [dbo].[AuthorityInfo] ON
INSERT [dbo].[AuthorityInfo] ([id], [name], [code], [parentId], [sort], [createBy], [createDate], [lastModifiedBy], [lastModifiedDate]) VALUES (1, N'添加仓库', N'WAREHOUSE_CREATE', NULL, NULL, NULL, NULL, NULL, NULL)
INSERT [dbo].[AuthorityInfo] ([id], [name], [code], [parentId], [sort], [createBy], [createDate], [lastModifiedBy], [lastModifiedDate]) VALUES (2, N'删除仓库', N'WAREHOUSE_DELETE', NULL, NULL, NULL, NULL, NULL, NULL)
INSERT [dbo].[AuthorityInfo] ([id], [name], [code], [parentId], [sort], [createBy], [createDate], [lastModifiedBy], [lastModifiedDate]) VALUES (3, N'更新仓库', N'WAREHOUSE_UPDATE', NULL, NULL, NULL, NULL, NULL, NULL)
INSERT [dbo].[AuthorityInfo] ([id], [name], [code], [parentId], [sort], [createBy], [createDate], [lastModifiedBy], [lastModifiedDate]) VALUES (4, N'查询仓库', N'WAREHOUSE_QUERY', NULL, NULL, NULL, NULL, NULL, NULL)
INSERT [dbo].[AuthorityInfo] ([id], [name], [code], [parentId], [sort], [createBy], [createDate], [lastModifiedBy], [lastModifiedDate]) VALUES (5, N'创建货位类型', N'CARGO_LOCATION_TYPE_CREATE', NULL, NULL, NULL, NULL, NULL, NULL)
INSERT [dbo].[AuthorityInfo] ([id], [name], [code], [parentId], [sort], [createBy], [createDate], [lastModifiedBy], [lastModifiedDate]) VALUES (6, N'删除货位类型', N'CARGO_LOCATION_TYPE_DELETE', NULL, NULL, NULL, NULL, NULL, NULL)
INSERT [dbo].[AuthorityInfo] ([id], [name], [code], [parentId], [sort], [createBy], [createDate], [lastModifiedBy], [lastModifiedDate]) VALUES (7, N'更新货位类型', N'CARGO_LOCATION_TYPE_UPDATE', NULL, NULL, NULL, NULL, NULL, NULL)
INSERT [dbo].[AuthorityInfo] ([id], [name], [code], [parentId], [sort], [createBy], [createDate], [lastModifiedBy], [lastModifiedDate]) VALUES (8, N'查询货位类型', N'CARGO_LOCATION_TYPE_QUERY', NULL, NULL, NULL, NULL, NULL, NULL)
INSERT [dbo].[AuthorityInfo] ([id], [name], [code], [parentId], [sort], [createBy], [createDate], [lastModifiedBy], [lastModifiedDate]) VALUES (9, N'创建用户', N'USER_CREATE', NULL, NULL, NULL, NULL, NULL, NULL)
INSERT [dbo].[AuthorityInfo] ([id], [name], [code], [parentId], [sort], [createBy], [createDate], [lastModifiedBy], [lastModifiedDate]) VALUES (10, N'删除用户', N'USER_DELETE', NULL, NULL, NULL, NULL, NULL, NULL)
INSERT [dbo].[AuthorityInfo] ([id], [name], [code], [parentId], [sort], [createBy], [createDate], [lastModifiedBy], [lastModifiedDate]) VALUES (11, N'更新用户', N'USER_UPDATE', NULL, NULL, NULL, NULL, NULL, NULL)
INSERT [dbo].[AuthorityInfo] ([id], [name], [code], [parentId], [sort], [createBy], [createDate], [lastModifiedBy], [lastModifiedDate]) VALUES (12, N'查询用户', N'USER_QUERY', NULL, NULL, NULL, NULL, NULL, NULL)
INSERT [dbo].[AuthorityInfo] ([id], [name], [code], [parentId], [sort], [createBy], [createDate], [lastModifiedBy], [lastModifiedDate]) VALUES (13, N'创建角色', N'ROLE_CREATE', NULL, NULL, NULL, NULL, NULL, NULL)
INSERT [dbo].[AuthorityInfo] ([id], [name], [code], [parentId], [sort], [createBy], [createDate], [lastModifiedBy], [lastModifiedDate]) VALUES (14, N'删除角色', N'ROLE_DELETE', NULL, NULL, NULL, NULL, NULL, NULL)
INSERT [dbo].[AuthorityInfo] ([id], [name], [code], [parentId], [sort], [createBy], [createDate], [lastModifiedBy], [lastModifiedDate]) VALUES (15, N'更新角色', N'ROLE_UPDATE', NULL, NULL, NULL, NULL, NULL, NULL)
INSERT [dbo].[AuthorityInfo] ([id], [name], [code], [parentId], [sort], [createBy], [createDate], [lastModifiedBy], [lastModifiedDate]) VALUES (16, N'查询角色', N'ROLE_QUERY', NULL, NULL, NULL, NULL, NULL, NULL)
INSERT [dbo].[AuthorityInfo] ([id], [name], [code], [parentId], [sort], [createBy], [createDate], [lastModifiedBy], [lastModifiedDate]) VALUES (17, N'创建货位', N'CARGO_LOCATION_CREATE', NULL, NULL, NULL, NULL, NULL, NULL)
INSERT [dbo].[AuthorityInfo] ([id], [name], [code], [parentId], [sort], [createBy], [createDate], [lastModifiedBy], [lastModifiedDate]) VALUES (18, N'删除货位', N'CARGO_LOCATION_DELETE', NULL, NULL, NULL, NULL, NULL, NULL)
INSERT [dbo].[AuthorityInfo] ([id], [name], [code], [parentId], [sort], [createBy], [createDate], [lastModifiedBy], [lastModifiedDate]) VALUES (19, N'更新货位', N'CARGO_LOCATION_UPDATE', NULL, NULL, NULL, NULL, NULL, NULL)
INSERT [dbo].[AuthorityInfo] ([id], [name], [code], [parentId], [sort], [createBy], [createDate], [lastModifiedBy], [lastModifiedDate]) VALUES (20, N'查询货位', N'CARGO_LOCATION_QUERY', NULL, NULL, NULL, NULL, NULL, NULL)
INSERT [dbo].[AuthorityInfo] ([id], [name], [code], [parentId], [sort], [createBy], [createDate], [lastModifiedBy], [lastModifiedDate]) VALUES (21, N'创建物料', N'MATERIAL_CREATE', NULL, NULL, NULL, NULL, NULL, NULL)
INSERT [dbo].[AuthorityInfo] ([id], [name], [code], [parentId], [sort], [createBy], [createDate], [lastModifiedBy], [lastModifiedDate]) VALUES (22, N'删除物料', N'MATERIAL_DELETE', NULL, NULL, NULL, NULL, NULL, NULL)
INSERT [dbo].[AuthorityInfo] ([id], [name], [code], [parentId], [sort], [createBy], [createDate], [lastModifiedBy], [lastModifiedDate]) VALUES (23, N'更新物料', N'MATERIAL_UPDATE', NULL, NULL, NULL, NULL, NULL, NULL)
INSERT [dbo].[AuthorityInfo] ([id], [name], [code], [parentId], [sort], [createBy], [createDate], [lastModifiedBy], [lastModifiedDate]) VALUES (24, N'查询物料', N'MATERIAL_QUERY', NULL, NULL, NULL, NULL, NULL, NULL)
INSERT [dbo].[AuthorityInfo] ([id], [name], [code], [parentId], [sort], [createBy], [createDate], [lastModifiedBy], [lastModifiedDate]) VALUES (25, N'仓库管理', N'WAREHOUSE_MANAGE', 0, 1, NULL, NULL, NULL, NULL)
INSERT [dbo].[AuthorityInfo] ([id], [name], [code], [parentId], [sort], [createBy], [createDate], [lastModifiedBy], [lastModifiedDate]) VALUES (26, N'货位类型管理', N'CARGO_LOCATION_TYPE_MANAGE', 0, 2, NULL, NULL, NULL, NULL)
INSERT [dbo].[AuthorityInfo] ([id], [name], [code], [parentId], [sort], [createBy], [createDate], [lastModifiedBy], [lastModifiedDate]) VALUES (27, N'用户管理', N'USER_MANAGE', 0, 4, NULL, NULL, NULL, NULL)
INSERT [dbo].[AuthorityInfo] ([id], [name], [code], [parentId], [sort], [createBy], [createDate], [lastModifiedBy], [lastModifiedDate]) VALUES (29, N'物料管理', N'MATERIAL_MANAGE', 0, 3, NULL, NULL, NULL, NULL)
INSERT [dbo].[AuthorityInfo] ([id], [name], [code], [parentId], [sort], [createBy], [createDate], [lastModifiedBy], [lastModifiedDate]) VALUES (30, N'角色管理', N'ROLE_MANAGE', 0, 5, NULL, NULL, NULL, NULL)
INSERT [dbo].[AuthorityInfo] ([id], [name], [code], [parentId], [sort], [createBy], [createDate], [lastModifiedBy], [lastModifiedDate]) VALUES (31, N'导入', N'CARGO_LOCATION_TYPE_IMPORT', 26, 5, NULL, NULL, NULL, NULL)
INSERT [dbo].[AuthorityInfo] ([id], [name], [code], [parentId], [sort], [createBy], [createDate], [lastModifiedBy], [lastModifiedDate]) VALUES (32, N'导入', N'MATERIAL_IMPORT', 29, 5, NULL, NULL, NULL, NULL)
INSERT [dbo].[AuthorityInfo] ([id], [name], [code], [parentId], [sort], [createBy], [createDate], [lastModifiedBy], [lastModifiedDate]) VALUES (33, N'导出', N'MATERIAL_EXPORT', 29, 6, NULL, NULL, NULL, NULL)
INSERT [dbo].[AuthorityInfo] ([id], [name], [code], [parentId], [sort], [createBy], [createDate], [lastModifiedBy], [lastModifiedDate]) VALUES (34, N'重新推荐', N'MATERIAL_RECOMMEND', 29, 7, NULL, NULL, NULL, NULL)
INSERT [dbo].[AuthorityInfo] ([id], [name], [code], [parentId], [sort], [createBy], [createDate], [lastModifiedBy], [lastModifiedDate]) VALUES (35, N'更新库存', N'MATERIAL_UPDATESTOCK', 29, 8, NULL, NULL, NULL, NULL)
INSERT [dbo].[AuthorityInfo] ([id], [name], [code], [parentId], [sort], [createBy], [createDate], [lastModifiedBy], [lastModifiedDate]) VALUES (36, N'分配角色', N'USER_ALLOCATEROLE', 27, 5, NULL, NULL, NULL, NULL)
INSERT [dbo].[AuthorityInfo] ([id], [name], [code], [parentId], [sort], [createBy], [createDate], [lastModifiedBy], [lastModifiedDate]) VALUES (37, N'分配仓库', N'ROLE_ALLOCATEWAREHOUSE', 30, 5, NULL, NULL, NULL, NULL)
INSERT [dbo].[AuthorityInfo] ([id], [name], [code], [parentId], [sort], [createBy], [createDate], [lastModifiedBy], [lastModifiedDate]) VALUES (38, N'分配权限', N'ROLE_ALLOCATERIGHT', 30, 6, NULL, NULL, NULL, NULL)
INSERT [dbo].[AuthorityInfo] ([id], [name], [code], [parentId], [sort], [createBy], [createDate], [lastModifiedBy], [lastModifiedDate]) VALUES (39, N'货位管理', N'CARGO_LOCATION_MANAGE', 0, 3, NULL, NULL, NULL, NULL)
INSERT [dbo].[AuthorityInfo] ([id], [name], [code], [parentId], [sort], [createBy], [createDate], [lastModifiedBy], [lastModifiedDate]) VALUES (40, N'查询', N'CARGO_LOCATION_QUERY', 39, 1, NULL, NULL, NULL, NULL)
INSERT [dbo].[AuthorityInfo] ([id], [name], [code], [parentId], [sort], [createBy], [createDate], [lastModifiedBy], [lastModifiedDate]) VALUES (41, N'查询', N'CARGO_LOCATION_IMPORT', 39, 2, NULL, NULL, NULL, NULL)
SET IDENTITY_INSERT [dbo].[AuthorityInfo] OFF
/****** Object:  Table [dbo].[RoleInfo]    Script Date: 05/03/2017 23:59:01 ******/
SET IDENTITY_INSERT [dbo].[RoleInfo] ON
INSERT [dbo].[RoleInfo] ([id], [name], [createBy], [createDate], [lastModifiedBy], [lastModifiedDate]) VALUES (1, N'管理员', NULL, NULL, NULL, NULL)
INSERT [dbo].[RoleInfo] ([id], [name], [createBy], [createDate], [lastModifiedBy], [lastModifiedDate]) VALUES (2, N'测试人员1', NULL, NULL, NULL, NULL)
SET IDENTITY_INSERT [dbo].[RoleInfo] OFF
/****** Object:  Table [dbo].[UserInfo]    Script Date: 05/03/2017 23:59:01 ******/
SET IDENTITY_INSERT [dbo].[UserInfo] ON
INSERT [dbo].[UserInfo] ([id], [username], [password], [createBy], [createDate], [lastModifiedBy], [lastModifiedDate]) VALUES (1, N'admin', N'$2a$08$/EJSu0UlpV8J7EdI1.3OSeWR1dUuS2mlZ5E34uLPBJ/eDcs.Lt3BG', NULL, NULL, NULL, NULL)
SET IDENTITY_INSERT [dbo].[UserInfo] OFF
/****** Object:  Table [dbo].[WareHouse]    Script Date: 05/03/2017 23:59:01 ******/
SET IDENTITY_INSERT [dbo].[WareHouse] ON
INSERT [dbo].[WareHouse] ([id], [code], [fullCodeLength], [stallType], [personDrivingSpeed], [forkliftDrivingSpeed], [pickTruckDrivingSpeed], [personPickUpSpeed], [forkliftPickUpSpeed], [pickTuckPickUpSpeed], [createBy], [createDate], [lastModifiedBy], [lastModifiedDate]) VALUES (1, N'A0', NULL, N'F5', NULL, NULL, NULL, NULL, NULL, NULL, NULL, NULL, N'admin', CAST(0x0000A75700FCE9D5 AS DateTime))
INSERT [dbo].[WareHouse] ([id], [code], [fullCodeLength], [stallType], [personDrivingSpeed], [forkliftDrivingSpeed], [pickTruckDrivingSpeed], [personPickUpSpeed], [forkliftPickUpSpeed], [pickTuckPickUpSpeed], [createBy], [createDate], [lastModifiedBy], [lastModifiedDate]) VALUES (2, N'A1', NULL, N'F3', NULL, NULL, NULL, NULL, NULL, NULL, NULL, NULL, NULL, NULL)
INSERT [dbo].[WareHouse] ([id], [code], [fullCodeLength], [stallType], [personDrivingSpeed], [forkliftDrivingSpeed], [pickTruckDrivingSpeed], [personPickUpSpeed], [forkliftPickUpSpeed], [pickTuckPickUpSpeed], [createBy], [createDate], [lastModifiedBy], [lastModifiedDate]) VALUES (3, N'A2', NULL, N'F2', NULL, NULL, NULL, NULL, NULL, NULL, NULL, NULL, NULL, NULL)
INSERT [dbo].[WareHouse] ([id], [code], [fullCodeLength], [stallType], [personDrivingSpeed], [forkliftDrivingSpeed], [pickTruckDrivingSpeed], [personPickUpSpeed], [forkliftPickUpSpeed], [pickTuckPickUpSpeed], [createBy], [createDate], [lastModifiedBy], [lastModifiedDate]) VALUES (5, N'A4', NULL, N'F1', NULL, NULL, NULL, NULL, NULL, NULL, NULL, NULL, NULL, NULL)
INSERT [dbo].[WareHouse] ([id], [code], [fullCodeLength], [stallType], [personDrivingSpeed], [forkliftDrivingSpeed], [pickTruckDrivingSpeed], [personPickUpSpeed], [forkliftPickUpSpeed], [pickTuckPickUpSpeed], [createBy], [createDate], [lastModifiedBy], [lastModifiedDate]) VALUES (6, N'A5', NULL, N'F2', NULL, NULL, NULL, NULL, NULL, NULL, NULL, NULL, NULL, NULL)
INSERT [dbo].[WareHouse] ([id], [code], [fullCodeLength], [stallType], [personDrivingSpeed], [forkliftDrivingSpeed], [pickTruckDrivingSpeed], [personPickUpSpeed], [forkliftPickUpSpeed], [pickTuckPickUpSpeed], [createBy], [createDate], [lastModifiedBy], [lastModifiedDate]) VALUES (7, N'A6', NULL, N'F5', NULL, NULL, NULL, NULL, NULL, NULL, NULL, NULL, NULL, NULL)
INSERT [dbo].[WareHouse] ([id], [code], [fullCodeLength], [stallType], [personDrivingSpeed], [forkliftDrivingSpeed], [pickTruckDrivingSpeed], [personPickUpSpeed], [forkliftPickUpSpeed], [pickTuckPickUpSpeed], [createBy], [createDate], [lastModifiedBy], [lastModifiedDate]) VALUES (8, N'BO', NULL, N'F1', NULL, NULL, NULL, NULL, NULL, NULL, NULL, NULL, NULL, NULL)
INSERT [dbo].[WareHouse] ([id], [code], [fullCodeLength], [stallType], [personDrivingSpeed], [forkliftDrivingSpeed], [pickTruckDrivingSpeed], [personPickUpSpeed], [forkliftPickUpSpeed], [pickTuckPickUpSpeed], [createBy], [createDate], [lastModifiedBy], [lastModifiedDate]) VALUES (9, N'B1', NULL, N'F1', NULL, NULL, NULL, NULL, NULL, NULL, NULL, NULL, N'admin', CAST(0x0000A75700FC24AD AS DateTime))
INSERT [dbo].[WareHouse] ([id], [code], [fullCodeLength], [stallType], [personDrivingSpeed], [forkliftDrivingSpeed], [pickTruckDrivingSpeed], [personPickUpSpeed], [forkliftPickUpSpeed], [pickTuckPickUpSpeed], [createBy], [createDate], [lastModifiedBy], [lastModifiedDate]) VALUES (10, N'B2', NULL, N'F1', NULL, NULL, NULL, NULL, NULL, NULL, NULL, NULL, N'admin', CAST(0x0000A75700FCF812 AS DateTime))
INSERT [dbo].[WareHouse] ([id], [code], [fullCodeLength], [stallType], [personDrivingSpeed], [forkliftDrivingSpeed], [pickTruckDrivingSpeed], [personPickUpSpeed], [forkliftPickUpSpeed], [pickTuckPickUpSpeed], [createBy], [createDate], [lastModifiedBy], [lastModifiedDate]) VALUES (11, N'B3', NULL, N'F1', NULL, NULL, NULL, NULL, NULL, NULL, NULL, NULL, N'admin', CAST(0x0000A75700FCFC02 AS DateTime))
INSERT [dbo].[WareHouse] ([id], [code], [fullCodeLength], [stallType], [personDrivingSpeed], [forkliftDrivingSpeed], [pickTruckDrivingSpeed], [personPickUpSpeed], [forkliftPickUpSpeed], [pickTuckPickUpSpeed], [createBy], [createDate], [lastModifiedBy], [lastModifiedDate]) VALUES (12, N'B4', NULL, NULL, NULL, NULL, NULL, NULL, NULL, NULL, NULL, NULL, NULL, NULL)
INSERT [dbo].[WareHouse] ([id], [code], [fullCodeLength], [stallType], [personDrivingSpeed], [forkliftDrivingSpeed], [pickTruckDrivingSpeed], [personPickUpSpeed], [forkliftPickUpSpeed], [pickTuckPickUpSpeed], [createBy], [createDate], [lastModifiedBy], [lastModifiedDate]) VALUES (13, N'B5', NULL, NULL, NULL, NULL, NULL, NULL, NULL, NULL, NULL, NULL, NULL, NULL)
INSERT [dbo].[WareHouse] ([id], [code], [fullCodeLength], [stallType], [personDrivingSpeed], [forkliftDrivingSpeed], [pickTruckDrivingSpeed], [personPickUpSpeed], [forkliftPickUpSpeed], [pickTuckPickUpSpeed], [createBy], [createDate], [lastModifiedBy], [lastModifiedDate]) VALUES (14, N'B6', NULL, NULL, NULL, NULL, NULL, NULL, NULL, NULL, NULL, NULL, NULL, NULL)
INSERT [dbo].[WareHouse] ([id], [code], [fullCodeLength], [stallType], [personDrivingSpeed], [forkliftDrivingSpeed], [pickTruckDrivingSpeed], [personPickUpSpeed], [forkliftPickUpSpeed], [pickTuckPickUpSpeed], [createBy], [createDate], [lastModifiedBy], [lastModifiedDate]) VALUES (15, N'C1', NULL, N'F1', NULL, NULL, NULL, NULL, NULL, NULL, NULL, NULL, NULL, NULL)
INSERT [dbo].[WareHouse] ([id], [code], [fullCodeLength], [stallType], [personDrivingSpeed], [forkliftDrivingSpeed], [pickTruckDrivingSpeed], [personPickUpSpeed], [forkliftPickUpSpeed], [pickTuckPickUpSpeed], [createBy], [createDate], [lastModifiedBy], [lastModifiedDate]) VALUES (16, N'AO', NULL, N'F1', NULL, NULL, NULL, NULL, NULL, NULL, NULL, NULL, NULL, NULL)
INSERT [dbo].[WareHouse] ([id], [code], [fullCodeLength], [stallType], [personDrivingSpeed], [forkliftDrivingSpeed], [pickTruckDrivingSpeed], [personPickUpSpeed], [forkliftPickUpSpeed], [pickTuckPickUpSpeed], [createBy], [createDate], [lastModifiedBy], [lastModifiedDate]) VALUES (17, N'C3', NULL, N'F2', NULL, NULL, NULL, NULL, NULL, NULL, NULL, NULL, NULL, NULL)
INSERT [dbo].[WareHouse] ([id], [code], [fullCodeLength], [stallType], [personDrivingSpeed], [forkliftDrivingSpeed], [pickTruckDrivingSpeed], [personPickUpSpeed], [forkliftPickUpSpeed], [pickTuckPickUpSpeed], [createBy], [createDate], [lastModifiedBy], [lastModifiedDate]) VALUES (18, N'C2', NULL, N'F1', NULL, NULL, NULL, NULL, NULL, NULL, NULL, NULL, NULL, NULL)
INSERT [dbo].[WareHouse] ([id], [code], [fullCodeLength], [stallType], [personDrivingSpeed], [forkliftDrivingSpeed], [pickTruckDrivingSpeed], [personPickUpSpeed], [forkliftPickUpSpeed], [pickTuckPickUpSpeed], [createBy], [createDate], [lastModifiedBy], [lastModifiedDate]) VALUES (19, N'C4', NULL, N'F1', NULL, NULL, NULL, NULL, NULL, NULL, NULL, NULL, NULL, NULL)
INSERT [dbo].[WareHouse] ([id], [code], [fullCodeLength], [stallType], [personDrivingSpeed], [forkliftDrivingSpeed], [pickTruckDrivingSpeed], [personPickUpSpeed], [forkliftPickUpSpeed], [pickTuckPickUpSpeed], [createBy], [createDate], [lastModifiedBy], [lastModifiedDate]) VALUES (20, N'C5', NULL, N'F1', NULL, NULL, NULL, NULL, NULL, NULL, NULL, NULL, NULL, NULL)
INSERT [dbo].[WareHouse] ([id], [code], [fullCodeLength], [stallType], [personDrivingSpeed], [forkliftDrivingSpeed], [pickTruckDrivingSpeed], [personPickUpSpeed], [forkliftPickUpSpeed], [pickTuckPickUpSpeed], [createBy], [createDate], [lastModifiedBy], [lastModifiedDate]) VALUES (21, N'C6', NULL, N'F1', NULL, NULL, NULL, NULL, NULL, NULL, NULL, NULL, N'admin', CAST(0x0000A75700FD2852 AS DateTime))
INSERT [dbo].[WareHouse] ([id], [code], [fullCodeLength], [stallType], [personDrivingSpeed], [forkliftDrivingSpeed], [pickTruckDrivingSpeed], [personPickUpSpeed], [forkliftPickUpSpeed], [pickTuckPickUpSpeed], [createBy], [createDate], [lastModifiedBy], [lastModifiedDate]) VALUES (22, N'C7', NULL, N'F2', NULL, NULL, NULL, NULL, NULL, NULL, NULL, NULL, N'admin', CAST(0x0000A75700FD770F AS DateTime))
INSERT [dbo].[WareHouse] ([id], [code], [fullCodeLength], [stallType], [personDrivingSpeed], [forkliftDrivingSpeed], [pickTruckDrivingSpeed], [personPickUpSpeed], [forkliftPickUpSpeed], [pickTuckPickUpSpeed], [createBy], [createDate], [lastModifiedBy], [lastModifiedDate]) VALUES (23, N'C8', NULL, N'F2', NULL, NULL, NULL, NULL, NULL, NULL, NULL, NULL, N'admin', CAST(0x0000A75700FDC81C AS DateTime))
INSERT [dbo].[WareHouse] ([id], [code], [fullCodeLength], [stallType], [personDrivingSpeed], [forkliftDrivingSpeed], [pickTruckDrivingSpeed], [personPickUpSpeed], [forkliftPickUpSpeed], [pickTuckPickUpSpeed], [createBy], [createDate], [lastModifiedBy], [lastModifiedDate]) VALUES (24, N'C9', NULL, N'F2', NULL, NULL, NULL, NULL, NULL, NULL, N'admin', CAST(0x0000A75700FDFC4E AS DateTime), N'admin', CAST(0x0000A75700FE0419 AS DateTime))
SET IDENTITY_INSERT [dbo].[WareHouse] OFF
/****** Object:  Table [dbo].[WareHouseType]    Script Date: 05/03/2017 23:59:01 ******/
INSERT [dbo].[WareHouseType] ([id], [rank], [type]) VALUES (1, 1, N'区域')
INSERT [dbo].[WareHouseType] ([id], [rank], [type]) VALUES (2, 2, N'通道')
INSERT [dbo].[WareHouseType] ([id], [rank], [type]) VALUES (3, 3, N'排货架')
INSERT [dbo].[WareHouseType] ([id], [rank], [type]) VALUES (4, 4, N'层')
INSERT [dbo].[WareHouseType] ([id], [rank], [type]) VALUES (5, 5, N'货位')
INSERT [dbo].[WareHouseType] ([id], [rank], [type]) VALUES (6, 6, N'进深')
INSERT [dbo].[WareHouseType] ([id], [rank], [type]) VALUES (7, 7, N'编码')
/****** Object:  Table [dbo].[WareHouseConfig]    Script Date: 05/03/2017 23:59:01 ******/
/****** Object:  Table [dbo].[UserInfo_RoleInfo]    Script Date: 05/03/2017 23:59:01 ******/
INSERT [dbo].[UserInfo_RoleInfo] ([userId], [roleId]) VALUES (1, 1)
/****** Object:  Table [dbo].[RoleInfo_WareHouse]    Script Date: 05/03/2017 23:59:01 ******/
INSERT [dbo].[RoleInfo_WareHouse] ([roleId], [wareHouseId]) VALUES (1, 1)
INSERT [dbo].[RoleInfo_WareHouse] ([roleId], [wareHouseId]) VALUES (1, 2)
INSERT [dbo].[RoleInfo_WareHouse] ([roleId], [wareHouseId]) VALUES (1, 3)
INSERT [dbo].[RoleInfo_WareHouse] ([roleId], [wareHouseId]) VALUES (1, 5)
INSERT [dbo].[RoleInfo_WareHouse] ([roleId], [wareHouseId]) VALUES (1, 6)
INSERT [dbo].[RoleInfo_WareHouse] ([roleId], [wareHouseId]) VALUES (1, 7)
INSERT [dbo].[RoleInfo_WareHouse] ([roleId], [wareHouseId]) VALUES (1, 8)
INSERT [dbo].[RoleInfo_WareHouse] ([roleId], [wareHouseId]) VALUES (1, 9)
INSERT [dbo].[RoleInfo_WareHouse] ([roleId], [wareHouseId]) VALUES (1, 10)
INSERT [dbo].[RoleInfo_WareHouse] ([roleId], [wareHouseId]) VALUES (1, 11)
INSERT [dbo].[RoleInfo_WareHouse] ([roleId], [wareHouseId]) VALUES (1, 12)
INSERT [dbo].[RoleInfo_WareHouse] ([roleId], [wareHouseId]) VALUES (1, 13)
INSERT [dbo].[RoleInfo_WareHouse] ([roleId], [wareHouseId]) VALUES (1, 14)
INSERT [dbo].[RoleInfo_WareHouse] ([roleId], [wareHouseId]) VALUES (1, 15)
INSERT [dbo].[RoleInfo_WareHouse] ([roleId], [wareHouseId]) VALUES (1, 16)
INSERT [dbo].[RoleInfo_WareHouse] ([roleId], [wareHouseId]) VALUES (1, 17)
/****** Object:  Table [dbo].[RoleInfo_AuthorityInfo]    Script Date: 05/03/2017 23:59:01 ******/
INSERT [dbo].[RoleInfo_AuthorityInfo] ([roleId], [authorityId]) VALUES (1, 1)
INSERT [dbo].[RoleInfo_AuthorityInfo] ([roleId], [authorityId]) VALUES (1, 2)
INSERT [dbo].[RoleInfo_AuthorityInfo] ([roleId], [authorityId]) VALUES (1, 3)
INSERT [dbo].[RoleInfo_AuthorityInfo] ([roleId], [authorityId]) VALUES (1, 4)
INSERT [dbo].[RoleInfo_AuthorityInfo] ([roleId], [authorityId]) VALUES (1, 5)
INSERT [dbo].[RoleInfo_AuthorityInfo] ([roleId], [authorityId]) VALUES (1, 6)
INSERT [dbo].[RoleInfo_AuthorityInfo] ([roleId], [authorityId]) VALUES (1, 7)
INSERT [dbo].[RoleInfo_AuthorityInfo] ([roleId], [authorityId]) VALUES (1, 8)
INSERT [dbo].[RoleInfo_AuthorityInfo] ([roleId], [authorityId]) VALUES (1, 9)
INSERT [dbo].[RoleInfo_AuthorityInfo] ([roleId], [authorityId]) VALUES (1, 10)
INSERT [dbo].[RoleInfo_AuthorityInfo] ([roleId], [authorityId]) VALUES (1, 11)
INSERT [dbo].[RoleInfo_AuthorityInfo] ([roleId], [authorityId]) VALUES (1, 12)
INSERT [dbo].[RoleInfo_AuthorityInfo] ([roleId], [authorityId]) VALUES (1, 13)
INSERT [dbo].[RoleInfo_AuthorityInfo] ([roleId], [authorityId]) VALUES (1, 14)
INSERT [dbo].[RoleInfo_AuthorityInfo] ([roleId], [authorityId]) VALUES (1, 15)
INSERT [dbo].[RoleInfo_AuthorityInfo] ([roleId], [authorityId]) VALUES (1, 16)
INSERT [dbo].[RoleInfo_AuthorityInfo] ([roleId], [authorityId]) VALUES (1, 17)
INSERT [dbo].[RoleInfo_AuthorityInfo] ([roleId], [authorityId]) VALUES (1, 18)
INSERT [dbo].[RoleInfo_AuthorityInfo] ([roleId], [authorityId]) VALUES (1, 19)
INSERT [dbo].[RoleInfo_AuthorityInfo] ([roleId], [authorityId]) VALUES (1, 20)
INSERT [dbo].[RoleInfo_AuthorityInfo] ([roleId], [authorityId]) VALUES (1, 21)
INSERT [dbo].[RoleInfo_AuthorityInfo] ([roleId], [authorityId]) VALUES (1, 22)
INSERT [dbo].[RoleInfo_AuthorityInfo] ([roleId], [authorityId]) VALUES (1, 23)
INSERT [dbo].[RoleInfo_AuthorityInfo] ([roleId], [authorityId]) VALUES (1, 24)
INSERT [dbo].[RoleInfo_AuthorityInfo] ([roleId], [authorityId]) VALUES (1, 25)
INSERT [dbo].[RoleInfo_AuthorityInfo] ([roleId], [authorityId]) VALUES (1, 26)
INSERT [dbo].[RoleInfo_AuthorityInfo] ([roleId], [authorityId]) VALUES (1, 27)
INSERT [dbo].[RoleInfo_AuthorityInfo] ([roleId], [authorityId]) VALUES (1, 29)
INSERT [dbo].[RoleInfo_AuthorityInfo] ([roleId], [authorityId]) VALUES (1, 30)
INSERT [dbo].[RoleInfo_AuthorityInfo] ([roleId], [authorityId]) VALUES (1, 31)
INSERT [dbo].[RoleInfo_AuthorityInfo] ([roleId], [authorityId]) VALUES (1, 32)
INSERT [dbo].[RoleInfo_AuthorityInfo] ([roleId], [authorityId]) VALUES (1, 33)
INSERT [dbo].[RoleInfo_AuthorityInfo] ([roleId], [authorityId]) VALUES (1, 34)
INSERT [dbo].[RoleInfo_AuthorityInfo] ([roleId], [authorityId]) VALUES (1, 35)
INSERT [dbo].[RoleInfo_AuthorityInfo] ([roleId], [authorityId]) VALUES (1, 36)
INSERT [dbo].[RoleInfo_AuthorityInfo] ([roleId], [authorityId]) VALUES (1, 37)
INSERT [dbo].[RoleInfo_AuthorityInfo] ([roleId], [authorityId]) VALUES (1, 38)
INSERT [dbo].[RoleInfo_AuthorityInfo] ([roleId], [authorityId]) VALUES (1, 39)
INSERT [dbo].[RoleInfo_AuthorityInfo] ([roleId], [authorityId]) VALUES (1, 40)
INSERT [dbo].[RoleInfo_AuthorityInfo] ([roleId], [authorityId]) VALUES (1, 41)
/****** Object:  Table [dbo].[CargoLocationType]    Script Date: 05/03/2017 23:59:01 ******/
SET IDENTITY_INSERT [dbo].[CargoLocationType] ON
INSERT [dbo].[CargoLocationType] ([id], [code], [length], [width], [height], [extend], [increaseLength], [increaseWidth], [frontIncrease], [backIncrease], [leftIncrease], [rightIncrease], [pallet], [total], [useCount], [wareHouseId], [createBy], [createDate], [lastModifiedBy], [lastModifiedDate], [batchNum]) VALUES (1, N'A1', 3.8, 3.11, 3.16, 1, 13.099999999999998, 11.24, 5.9, 2.23, 4.83, 4.47, 0, 19, 19, 1, NULL, NULL, NULL, NULL, N'20170425194814')
INSERT [dbo].[CargoLocationType] ([id], [code], [length], [width], [height], [extend], [increaseLength], [increaseWidth], [frontIncrease], [backIncrease], [leftIncrease], [rightIncrease], [pallet], [total], [useCount], [wareHouseId], [createBy], [createDate], [lastModifiedBy], [lastModifiedDate], [batchNum]) VALUES (2, N'A2', 4.09, 4.4, 2.11, 1, 9.1900000000000013, 12.13, 5.5, 2.23, 2.31, 2.79, 0, 7, 7, 1, NULL, NULL, NULL, NULL, N'20170425194814')
INSERT [dbo].[CargoLocationType] ([id], [code], [length], [width], [height], [extend], [increaseLength], [increaseWidth], [frontIncrease], [backIncrease], [leftIncrease], [rightIncrease], [pallet], [total], [useCount], [wareHouseId], [createBy], [createDate], [lastModifiedBy], [lastModifiedDate], [batchNum]) VALUES (3, N'A3', 3.6, 3.88, 1.4, 1, 12.5, 15.36, 6.57, 4.91, 4.49, 4.41, 0, 7, 7, 1, NULL, NULL, NULL, NULL, N'20170425194814')
INSERT [dbo].[CargoLocationType] ([id], [code], [length], [width], [height], [extend], [increaseLength], [increaseWidth], [frontIncrease], [backIncrease], [leftIncrease], [rightIncrease], [pallet], [total], [useCount], [wareHouseId], [createBy], [createDate], [lastModifiedBy], [lastModifiedDate], [batchNum]) VALUES (5, N'A4', 2.53, 4.89, 1.13, 1, 10.12, 14.21, 6.52, 2.8, 3.56, 4.03, 0, 6, 6, 1, NULL, NULL, NULL, NULL, N'20170425194814')
INSERT [dbo].[CargoLocationType] ([id], [code], [length], [width], [height], [extend], [increaseLength], [increaseWidth], [frontIncrease], [backIncrease], [leftIncrease], [rightIncrease], [pallet], [total], [useCount], [wareHouseId], [createBy], [createDate], [lastModifiedBy], [lastModifiedDate], [batchNum]) VALUES (6, N'A5', 1.25, 3.95, 3.58, 1, 12.37, 9.49, 2.65, 2.89, 4.74, 6.38, 0, NULL, NULL, 1, NULL, NULL, NULL, NULL, N'20170425194814')
INSERT [dbo].[CargoLocationType] ([id], [code], [length], [width], [height], [extend], [increaseLength], [increaseWidth], [frontIncrease], [backIncrease], [leftIncrease], [rightIncrease], [pallet], [total], [useCount], [wareHouseId], [createBy], [createDate], [lastModifiedBy], [lastModifiedDate], [batchNum]) VALUES (7, N'A6', 1.87, 5.28, 4.2, 1, 12.29, 11.37, 3.15, 2.94, 5.78, 4.64, 0, NULL, NULL, 1, NULL, NULL, NULL, NULL, N'20170425194814')
INSERT [dbo].[CargoLocationType] ([id], [code], [length], [width], [height], [extend], [increaseLength], [increaseWidth], [frontIncrease], [backIncrease], [leftIncrease], [rightIncrease], [pallet], [total], [useCount], [wareHouseId], [createBy], [createDate], [lastModifiedBy], [lastModifiedDate], [batchNum]) VALUES (8, N'A7', 2.53, 2.18, 4.62, 1, 7.71, 10.55, 2.27, 6.1, 3.72, 1.46, 0, NULL, NULL, 1, NULL, NULL, NULL, NULL, N'20170425194814')
INSERT [dbo].[CargoLocationType] ([id], [code], [length], [width], [height], [extend], [increaseLength], [increaseWidth], [frontIncrease], [backIncrease], [leftIncrease], [rightIncrease], [pallet], [total], [useCount], [wareHouseId], [createBy], [createDate], [lastModifiedBy], [lastModifiedDate], [batchNum]) VALUES (9, N'A8', 2.85, 2.16, 4.35, 1, 6.8100000000000005, 10.27, 4.41, 3.7, 1.49, 2.47, 0, NULL, NULL, 1, NULL, NULL, NULL, NULL, N'20170425194814')
INSERT [dbo].[CargoLocationType] ([id], [code], [length], [width], [height], [extend], [increaseLength], [increaseWidth], [frontIncrease], [backIncrease], [leftIncrease], [rightIncrease], [pallet], [total], [useCount], [wareHouseId], [createBy], [createDate], [lastModifiedBy], [lastModifiedDate], [batchNum]) VALUES (10, N'A9', 4.79, 2.75, 1.64, 1, 13.51, 7.17, 3, 1.42, 2.96, 5.76, 0, NULL, NULL, 1, NULL, NULL, NULL, NULL, N'20170425194814')
INSERT [dbo].[CargoLocationType] ([id], [code], [length], [width], [height], [extend], [increaseLength], [increaseWidth], [frontIncrease], [backIncrease], [leftIncrease], [rightIncrease], [pallet], [total], [useCount], [wareHouseId], [createBy], [createDate], [lastModifiedBy], [lastModifiedDate], [batchNum]) VALUES (11, N'A10', 1.16, 3.95, 5.78, 1, 12.01, 10.64, 2.89, 3.8, 4.29, 6.56, 0, NULL, NULL, 1, NULL, NULL, NULL, NULL, N'20170425194814')
INSERT [dbo].[CargoLocationType] ([id], [code], [length], [width], [height], [extend], [increaseLength], [increaseWidth], [frontIncrease], [backIncrease], [leftIncrease], [rightIncrease], [pallet], [total], [useCount], [wareHouseId], [createBy], [createDate], [lastModifiedBy], [lastModifiedDate], [batchNum]) VALUES (12, N'A11', 4.43, 5.89, 5.9, 1, 12.409999999999998, 13.46, 6.41, 1.16, 5.54, 2.44, 0, NULL, NULL, 1, NULL, NULL, NULL, NULL, N'20170425194814')
INSERT [dbo].[CargoLocationType] ([id], [code], [length], [width], [height], [extend], [increaseLength], [increaseWidth], [frontIncrease], [backIncrease], [leftIncrease], [rightIncrease], [pallet], [total], [useCount], [wareHouseId], [createBy], [createDate], [lastModifiedBy], [lastModifiedDate], [batchNum]) VALUES (13, N'A12', 3.34, 5.94, 2.24, 1, 13.28, 13.21, 4.45, 2.82, 6.91, 3.03, 0, NULL, NULL, 1, NULL, NULL, NULL, NULL, N'20170425194814')
INSERT [dbo].[CargoLocationType] ([id], [code], [length], [width], [height], [extend], [increaseLength], [increaseWidth], [frontIncrease], [backIncrease], [leftIncrease], [rightIncrease], [pallet], [total], [useCount], [wareHouseId], [createBy], [createDate], [lastModifiedBy], [lastModifiedDate], [batchNum]) VALUES (14, N'A13', 2.61, 2.97, 1.56, 1, 11.84, 9.58, 1.05, 5.56, 5.84, 3.39, 0, NULL, NULL, 1, NULL, NULL, NULL, NULL, N'20170425194814')
INSERT [dbo].[CargoLocationType] ([id], [code], [length], [width], [height], [extend], [increaseLength], [increaseWidth], [frontIncrease], [backIncrease], [leftIncrease], [rightIncrease], [pallet], [total], [useCount], [wareHouseId], [createBy], [createDate], [lastModifiedBy], [lastModifiedDate], [batchNum]) VALUES (15, N'A14', 2.41, 4.17, 5.97, 1, 10.1, 13.46, 2.51, 6.78, 4.97, 2.72, 0, NULL, NULL, 1, NULL, NULL, NULL, NULL, N'20170425194814')
INSERT [dbo].[CargoLocationType] ([id], [code], [length], [width], [height], [extend], [increaseLength], [increaseWidth], [frontIncrease], [backIncrease], [leftIncrease], [rightIncrease], [pallet], [total], [useCount], [wareHouseId], [createBy], [createDate], [lastModifiedBy], [lastModifiedDate], [batchNum]) VALUES (16, N'B1', 3, 3.31, 2.45, 1, 8.17, 6.76, 1.37, 2.08, 2.98, 2.19, 0, NULL, NULL, 1, NULL, NULL, NULL, NULL, N'20170425194814')
INSERT [dbo].[CargoLocationType] ([id], [code], [length], [width], [height], [extend], [increaseLength], [increaseWidth], [frontIncrease], [backIncrease], [leftIncrease], [rightIncrease], [pallet], [total], [useCount], [wareHouseId], [createBy], [createDate], [lastModifiedBy], [lastModifiedDate], [batchNum]) VALUES (17, N'B2', 1.84, 3.39, 1.56, 1, 7.59, 15.14, 6.31, 5.44, 1.55, 4.2, 0, NULL, NULL, 1, NULL, NULL, NULL, NULL, N'20170425194814')
INSERT [dbo].[CargoLocationType] ([id], [code], [length], [width], [height], [extend], [increaseLength], [increaseWidth], [frontIncrease], [backIncrease], [leftIncrease], [rightIncrease], [pallet], [total], [useCount], [wareHouseId], [createBy], [createDate], [lastModifiedBy], [lastModifiedDate], [batchNum]) VALUES (18, N'B3', 1.12, 2.63, 4.14, 1, 5.16, 9.76, 4.34, 2.79, 1.59, 2.45, 0, NULL, NULL, 1, NULL, NULL, NULL, NULL, N'20170425194814')
INSERT [dbo].[CargoLocationType] ([id], [code], [length], [width], [height], [extend], [increaseLength], [increaseWidth], [frontIncrease], [backIncrease], [leftIncrease], [rightIncrease], [pallet], [total], [useCount], [wareHouseId], [createBy], [createDate], [lastModifiedBy], [lastModifiedDate], [batchNum]) VALUES (19, N'B4', 3.19, 1.15, 3.08, 1, 11.28, 12.34, 5.28, 5.91, 4.81, 3.28, 0, NULL, NULL, 1, NULL, NULL, NULL, NULL, N'20170425194814')
INSERT [dbo].[CargoLocationType] ([id], [code], [length], [width], [height], [extend], [increaseLength], [increaseWidth], [frontIncrease], [backIncrease], [leftIncrease], [rightIncrease], [pallet], [total], [useCount], [wareHouseId], [createBy], [createDate], [lastModifiedBy], [lastModifiedDate], [batchNum]) VALUES (20, N'B5', 3.26, 4.29, 2.62, 1, 10.98, 12.739999999999998, 6.34, 2.11, 6.7, 1.02, 0, NULL, NULL, 1, NULL, NULL, NULL, NULL, N'20170425194814')
INSERT [dbo].[CargoLocationType] ([id], [code], [length], [width], [height], [extend], [increaseLength], [increaseWidth], [frontIncrease], [backIncrease], [leftIncrease], [rightIncrease], [pallet], [total], [useCount], [wareHouseId], [createBy], [createDate], [lastModifiedBy], [lastModifiedDate], [batchNum]) VALUES (21, N'B6', 3.85, 4.06, 3.18, 1, 13.31, 11.59, 3.99, 3.54, 5.34, 4.12, 0, NULL, NULL, 1, NULL, NULL, NULL, NULL, N'20170425194814')
INSERT [dbo].[CargoLocationType] ([id], [code], [length], [width], [height], [extend], [increaseLength], [increaseWidth], [frontIncrease], [backIncrease], [leftIncrease], [rightIncrease], [pallet], [total], [useCount], [wareHouseId], [createBy], [createDate], [lastModifiedBy], [lastModifiedDate], [batchNum]) VALUES (22, N'B7', 3.44, 4.89, 2.5, 1, 13.49, 11.11, 3.87, 2.35, 3.55, 6.5, 0, NULL, NULL, 1, NULL, NULL, NULL, NULL, N'20170425194814')
INSERT [dbo].[CargoLocationType] ([id], [code], [length], [width], [height], [extend], [increaseLength], [increaseWidth], [frontIncrease], [backIncrease], [leftIncrease], [rightIncrease], [pallet], [total], [useCount], [wareHouseId], [createBy], [createDate], [lastModifiedBy], [lastModifiedDate], [batchNum]) VALUES (23, N'B8', 3.48, 3.18, 4.83, 1, 9.5, 8.99, 2.1, 3.71, 2.86, 3.16, 0, NULL, NULL, 1, NULL, NULL, NULL, NULL, N'20170425194814')
INSERT [dbo].[CargoLocationType] ([id], [code], [length], [width], [height], [extend], [increaseLength], [increaseWidth], [frontIncrease], [backIncrease], [leftIncrease], [rightIncrease], [pallet], [total], [useCount], [wareHouseId], [createBy], [createDate], [lastModifiedBy], [lastModifiedDate], [batchNum]) VALUES (24, N'B9', 3.11, 4.53, 6.19, 1, 9.56, 10.31, 3.47, 2.31, 5.12, 1.33, 0, NULL, NULL, 1, NULL, NULL, NULL, NULL, N'20170425194814')
INSERT [dbo].[CargoLocationType] ([id], [code], [length], [width], [height], [extend], [increaseLength], [increaseWidth], [frontIncrease], [backIncrease], [leftIncrease], [rightIncrease], [pallet], [total], [useCount], [wareHouseId], [createBy], [createDate], [lastModifiedBy], [lastModifiedDate], [batchNum]) VALUES (25, N'B10', 4.22, 5.57, 4.58, 1, 13.12, 12.84, 3.86, 3.41, 4.15, 4.75, 0, NULL, NULL, 1, NULL, NULL, NULL, NULL, N'20170425194814')
INSERT [dbo].[CargoLocationType] ([id], [code], [length], [width], [height], [extend], [increaseLength], [increaseWidth], [frontIncrease], [backIncrease], [leftIncrease], [rightIncrease], [pallet], [total], [useCount], [wareHouseId], [createBy], [createDate], [lastModifiedBy], [lastModifiedDate], [batchNum]) VALUES (26, N'B11', 3.65, 2.93, 2.11, 1, 14.75, 6.0200000000000005, 2.06, 1.03, 6.13, 4.97, 1, NULL, NULL, 1, NULL, NULL, NULL, NULL, N'20170425194814')
INSERT [dbo].[CargoLocationType] ([id], [code], [length], [width], [height], [extend], [increaseLength], [increaseWidth], [frontIncrease], [backIncrease], [leftIncrease], [rightIncrease], [pallet], [total], [useCount], [wareHouseId], [createBy], [createDate], [lastModifiedBy], [lastModifiedDate], [batchNum]) VALUES (27, N'B12', 1.78, 1.51, 4.71, 1, 8.86, 10.2, 4.34, 4.35, 2.47, 4.61, 1, NULL, NULL, 1, NULL, NULL, NULL, NULL, N'20170425194814')
INSERT [dbo].[CargoLocationType] ([id], [code], [length], [width], [height], [extend], [increaseLength], [increaseWidth], [frontIncrease], [backIncrease], [leftIncrease], [rightIncrease], [pallet], [total], [useCount], [wareHouseId], [createBy], [createDate], [lastModifiedBy], [lastModifiedDate], [batchNum]) VALUES (28, N'B13', 2.99, 1.53, 3.86, 1, 13.31, 5.45, 2.17, 1.75, 4.78, 5.54, 1, NULL, NULL, 1, NULL, NULL, NULL, NULL, N'20170425194814')
INSERT [dbo].[CargoLocationType] ([id], [code], [length], [width], [height], [extend], [increaseLength], [increaseWidth], [frontIncrease], [backIncrease], [leftIncrease], [rightIncrease], [pallet], [total], [useCount], [wareHouseId], [createBy], [createDate], [lastModifiedBy], [lastModifiedDate], [batchNum]) VALUES (29, N'B14', 3.85, 3.57, 2.37, 1, 9.51, 9.93, 1.35, 5.01, 2.68, 2.98, 1, NULL, NULL, 1, NULL, NULL, NULL, NULL, N'20170425194814')
INSERT [dbo].[CargoLocationType] ([id], [code], [length], [width], [height], [extend], [increaseLength], [increaseWidth], [frontIncrease], [backIncrease], [leftIncrease], [rightIncrease], [pallet], [total], [useCount], [wareHouseId], [createBy], [createDate], [lastModifiedBy], [lastModifiedDate], [batchNum]) VALUES (30, N'B15', 4.58, 3.16, 3.61, 1, 9.68, 15.97, 6.57, 6.24, 2.09, 3.01, 1, NULL, NULL, 1, NULL, NULL, NULL, NULL, N'20170425194814')
INSERT [dbo].[CargoLocationType] ([id], [code], [length], [width], [height], [extend], [increaseLength], [increaseWidth], [frontIncrease], [backIncrease], [leftIncrease], [rightIncrease], [pallet], [total], [useCount], [wareHouseId], [createBy], [createDate], [lastModifiedBy], [lastModifiedDate], [batchNum]) VALUES (31, N'B16', 2.51, 2.45, 4.42, 1, 6.0399999999999991, 8.99, 5.11, 1.43, 1.55, 1.98, 1, NULL, NULL, 1, NULL, NULL, NULL, NULL, N'20170425194814')
INSERT [dbo].[CargoLocationType] ([id], [code], [length], [width], [height], [extend], [increaseLength], [increaseWidth], [frontIncrease], [backIncrease], [leftIncrease], [rightIncrease], [pallet], [total], [useCount], [wareHouseId], [createBy], [createDate], [lastModifiedBy], [lastModifiedDate], [batchNum]) VALUES (32, N'B17', 2.71, 2.05, 5.63, 1, 11.7, 10.28, 3.68, 4.55, 5.54, 3.45, 1, NULL, NULL, 1, NULL, NULL, NULL, NULL, N'20170425194814')
INSERT [dbo].[CargoLocationType] ([id], [code], [length], [width], [height], [extend], [increaseLength], [increaseWidth], [frontIncrease], [backIncrease], [leftIncrease], [rightIncrease], [pallet], [total], [useCount], [wareHouseId], [createBy], [createDate], [lastModifiedBy], [lastModifiedDate], [batchNum]) VALUES (33, N'B18', 2.82, 2.23, 6, 1, 6.98, 10.58, 2.39, 5.96, 1.52, 2.64, 1, NULL, NULL, 1, NULL, NULL, NULL, NULL, N'20170425194814')
INSERT [dbo].[CargoLocationType] ([id], [code], [length], [width], [height], [extend], [increaseLength], [increaseWidth], [frontIncrease], [backIncrease], [leftIncrease], [rightIncrease], [pallet], [total], [useCount], [wareHouseId], [createBy], [createDate], [lastModifiedBy], [lastModifiedDate], [batchNum]) VALUES (34, N'B19', 1.85, 1.43, 2.37, 1, 10.55, 11.87, 4.08, 6.36, 4.57, 4.13, 1, NULL, NULL, 1, NULL, NULL, NULL, NULL, N'20170425194814')
INSERT [dbo].[CargoLocationType] ([id], [code], [length], [width], [height], [extend], [increaseLength], [increaseWidth], [frontIncrease], [backIncrease], [leftIncrease], [rightIncrease], [pallet], [total], [useCount], [wareHouseId], [createBy], [createDate], [lastModifiedBy], [lastModifiedDate], [batchNum]) VALUES (35, N'B20', 4.63, 5.54, 1.07, 1, 12.260000000000002, 15.39, 5.57, 4.28, 2.44, 5.19, 1, NULL, NULL, 1, NULL, NULL, NULL, NULL, N'20170425194814')
INSERT [dbo].[CargoLocationType] ([id], [code], [length], [width], [height], [extend], [increaseLength], [increaseWidth], [frontIncrease], [backIncrease], [leftIncrease], [rightIncrease], [pallet], [total], [useCount], [wareHouseId], [createBy], [createDate], [lastModifiedBy], [lastModifiedDate], [batchNum]) VALUES (36, N'C1', 3.79, 1.17, 4.01, 1, 13.71, 12.4, 5.97, 5.26, 4.74, 5.18, 1, NULL, NULL, 1, NULL, NULL, NULL, NULL, N'20170425194814')
INSERT [dbo].[CargoLocationType] ([id], [code], [length], [width], [height], [extend], [increaseLength], [increaseWidth], [frontIncrease], [backIncrease], [leftIncrease], [rightIncrease], [pallet], [total], [useCount], [wareHouseId], [createBy], [createDate], [lastModifiedBy], [lastModifiedDate], [batchNum]) VALUES (37, N'C2', 3.5, 4.69, 4.27, 1, 11.93, 12.13, 2.54, 4.9, 5.2, 3.23, 1, NULL, NULL, 1, NULL, NULL, NULL, NULL, N'20170425194814')
INSERT [dbo].[CargoLocationType] ([id], [code], [length], [width], [height], [extend], [increaseLength], [increaseWidth], [frontIncrease], [backIncrease], [leftIncrease], [rightIncrease], [pallet], [total], [useCount], [wareHouseId], [createBy], [createDate], [lastModifiedBy], [lastModifiedDate], [batchNum]) VALUES (38, N'C3', 2.23, 2.07, 1.47, 1, 9.64, 6.44, 2.17, 2.2, 5.86, 1.55, 1, NULL, NULL, 1, NULL, NULL, NULL, NULL, N'20170425194814')
INSERT [dbo].[CargoLocationType] ([id], [code], [length], [width], [height], [extend], [increaseLength], [increaseWidth], [frontIncrease], [backIncrease], [leftIncrease], [rightIncrease], [pallet], [total], [useCount], [wareHouseId], [createBy], [createDate], [lastModifiedBy], [lastModifiedDate], [batchNum]) VALUES (39, N'C4', 1.55, 3.95, 1.99, 1, 10.89, 10.76, 5.14, 1.67, 3.58, 5.76, 1, NULL, NULL, 1, NULL, NULL, NULL, NULL, N'20170425194814')
INSERT [dbo].[CargoLocationType] ([id], [code], [length], [width], [height], [extend], [increaseLength], [increaseWidth], [frontIncrease], [backIncrease], [leftIncrease], [rightIncrease], [pallet], [total], [useCount], [wareHouseId], [createBy], [createDate], [lastModifiedBy], [lastModifiedDate], [batchNum]) VALUES (40, N'C5', 3.77, 5.6, 3.08, 1, 11.42, 12.69, 3.66, 3.43, 3.57, 4.08, 1, NULL, NULL, 1, NULL, NULL, NULL, NULL, N'20170425194814')
INSERT [dbo].[CargoLocationType] ([id], [code], [length], [width], [height], [extend], [increaseLength], [increaseWidth], [frontIncrease], [backIncrease], [leftIncrease], [rightIncrease], [pallet], [total], [useCount], [wareHouseId], [createBy], [createDate], [lastModifiedBy], [lastModifiedDate], [batchNum]) VALUES (41, N'C6', 1.36, 2.39, 5.21, 1, 9.1000000000000014, 8.77, 3.92, 2.46, 3.79, 3.95, 1, NULL, NULL, 1, NULL, NULL, NULL, NULL, N'20170425194814')
INSERT [dbo].[CargoLocationType] ([id], [code], [length], [width], [height], [extend], [increaseLength], [increaseWidth], [frontIncrease], [backIncrease], [leftIncrease], [rightIncrease], [pallet], [total], [useCount], [wareHouseId], [createBy], [createDate], [lastModifiedBy], [lastModifiedDate], [batchNum]) VALUES (42, N'C7', 2.62, 4.04, 3.71, 1, 9.93, 12.61, 4.08, 4.49, 2.57, 4.74, 1, NULL, NULL, 1, NULL, NULL, NULL, NULL, N'20170425194814')
INSERT [dbo].[CargoLocationType] ([id], [code], [length], [width], [height], [extend], [increaseLength], [increaseWidth], [frontIncrease], [backIncrease], [leftIncrease], [rightIncrease], [pallet], [total], [useCount], [wareHouseId], [createBy], [createDate], [lastModifiedBy], [lastModifiedDate], [batchNum]) VALUES (43, N'C8', 3.66, 4.08, 4.81, 1, 11.89, 9.89, 2.58, 3.23, 2.82, 5.41, 1, NULL, NULL, 1, NULL, NULL, NULL, NULL, N'20170425194814')
INSERT [dbo].[CargoLocationType] ([id], [code], [length], [width], [height], [extend], [increaseLength], [increaseWidth], [frontIncrease], [backIncrease], [leftIncrease], [rightIncrease], [pallet], [total], [useCount], [wareHouseId], [createBy], [createDate], [lastModifiedBy], [lastModifiedDate], [batchNum]) VALUES (44, N'C9', 2.03, 2.94, 6.62, 1, 8.9699999999999989, 12.01, 6.01, 3.06, 2.75, 4.19, 1, NULL, NULL, 1, NULL, NULL, NULL, NULL, N'20170425194814')
INSERT [dbo].[CargoLocationType] ([id], [code], [length], [width], [height], [extend], [increaseLength], [increaseWidth], [frontIncrease], [backIncrease], [leftIncrease], [rightIncrease], [pallet], [total], [useCount], [wareHouseId], [createBy], [createDate], [lastModifiedBy], [lastModifiedDate], [batchNum]) VALUES (45, N'C10', 1.41, 3.28, 5.53, 1, 9.89, 12.09, 3.34, 5.47, 4.37, 4.11, 1, NULL, NULL, 1, NULL, NULL, NULL, NULL, N'20170425194814')
INSERT [dbo].[CargoLocationType] ([id], [code], [length], [width], [height], [extend], [increaseLength], [increaseWidth], [frontIncrease], [backIncrease], [leftIncrease], [rightIncrease], [pallet], [total], [useCount], [wareHouseId], [createBy], [createDate], [lastModifiedBy], [lastModifiedDate], [batchNum]) VALUES (46, N'C11', 3.44, 2.81, 5.25, 1, 9.77, 6.99, 1.13, 3.05, 4.52, 1.81, 1, NULL, NULL, 1, NULL, NULL, NULL, NULL, N'20170425194814')
INSERT [dbo].[CargoLocationType] ([id], [code], [length], [width], [height], [extend], [increaseLength], [increaseWidth], [frontIncrease], [backIncrease], [leftIncrease], [rightIncrease], [pallet], [total], [useCount], [wareHouseId], [createBy], [createDate], [lastModifiedBy], [lastModifiedDate], [batchNum]) VALUES (47, N'C12', 3.76, 4.48, 3.71, 1, 9.92, 10.62, 3.83, 2.31, 2.42, 3.74, 1, NULL, NULL, 1, NULL, NULL, NULL, NULL, N'20170425194814')
INSERT [dbo].[CargoLocationType] ([id], [code], [length], [width], [height], [extend], [increaseLength], [increaseWidth], [frontIncrease], [backIncrease], [leftIncrease], [rightIncrease], [pallet], [total], [useCount], [wareHouseId], [createBy], [createDate], [lastModifiedBy], [lastModifiedDate], [batchNum]) VALUES (48, N'C13', 1.88, 5.22, 6.61, 1, 7.86, 12.96, 4.36, 3.38, 3.89, 2.09, 1, NULL, NULL, 1, NULL, NULL, NULL, NULL, N'20170425194814')
INSERT [dbo].[CargoLocationType] ([id], [code], [length], [width], [height], [extend], [increaseLength], [increaseWidth], [frontIncrease], [backIncrease], [leftIncrease], [rightIncrease], [pallet], [total], [useCount], [wareHouseId], [createBy], [createDate], [lastModifiedBy], [lastModifiedDate], [batchNum]) VALUES (49, N'C14', 4.35, 4.02, 5.08, 1, 9.9799999999999986, 14.16, 3.34, 6.8, 4.53, 1.1, 1, NULL, NULL, 1, NULL, NULL, NULL, NULL, N'20170425194814')
INSERT [dbo].[CargoLocationType] ([id], [code], [length], [width], [height], [extend], [increaseLength], [increaseWidth], [frontIncrease], [backIncrease], [leftIncrease], [rightIncrease], [pallet], [total], [useCount], [wareHouseId], [createBy], [createDate], [lastModifiedBy], [lastModifiedDate], [batchNum]) VALUES (50, N'C15', 2.39, 5.55, 4.06, 1, 9.18, 11.32, 4.46, 1.31, 3.89, 2.9, 1, NULL, NULL, 1, NULL, NULL, NULL, NULL, N'20170425194814')
INSERT [dbo].[CargoLocationType] ([id], [code], [length], [width], [height], [extend], [increaseLength], [increaseWidth], [frontIncrease], [backIncrease], [leftIncrease], [rightIncrease], [pallet], [total], [useCount], [wareHouseId], [createBy], [createDate], [lastModifiedBy], [lastModifiedDate], [batchNum]) VALUES (51, N'C16', 1.13, 3.83, 2.93, 1, 9.77, 13.65, 3.41, 6.41, 5.6, 3.04, 1, NULL, NULL, 1, NULL, NULL, NULL, NULL, N'20170425194814')
SET IDENTITY_INSERT [dbo].[CargoLocationType] OFF
/****** Object:  Table [dbo].[CargoLocation]    Script Date: 05/03/2017 23:59:01 ******/
SET IDENTITY_INSERT [dbo].[CargoLocation] ON
INSERT [dbo].[CargoLocation] ([id], [code], [wareHouseId], [typeId], [score], [createBy], [createDate], [lastModifiedBy], [lastModifiedDate], [batchNum]) VALUES (1, N'G0718120', 1, 1, NULL, NULL, NULL, NULL, NULL, N'20170425194826')
INSERT [dbo].[CargoLocation] ([id], [code], [wareHouseId], [typeId], [score], [createBy], [createDate], [lastModifiedBy], [lastModifiedDate], [batchNum]) VALUES (2, N'G0718121', 1, 1, NULL, NULL, NULL, NULL, NULL, N'20170425194826')
INSERT [dbo].[CargoLocation] ([id], [code], [wareHouseId], [typeId], [score], [createBy], [createDate], [lastModifiedBy], [lastModifiedDate], [batchNum]) VALUES (3, N'G0718122', 1, 1, NULL, NULL, NULL, NULL, NULL, N'20170425194826')
INSERT [dbo].[CargoLocation] ([id], [code], [wareHouseId], [typeId], [score], [createBy], [createDate], [lastModifiedBy], [lastModifiedDate], [batchNum]) VALUES (4, N'G0718123', 1, 1, NULL, NULL, NULL, NULL, NULL, N'20170425194826')
INSERT [dbo].[CargoLocation] ([id], [code], [wareHouseId], [typeId], [score], [createBy], [createDate], [lastModifiedBy], [lastModifiedDate], [batchNum]) VALUES (5, N'G0718124', 1, 1, NULL, NULL, NULL, NULL, NULL, N'20170425194826')
INSERT [dbo].[CargoLocation] ([id], [code], [wareHouseId], [typeId], [score], [createBy], [createDate], [lastModifiedBy], [lastModifiedDate], [batchNum]) VALUES (6, N'G0718125', 1, 1, NULL, NULL, NULL, NULL, NULL, N'20170425194826')
INSERT [dbo].[CargoLocation] ([id], [code], [wareHouseId], [typeId], [score], [createBy], [createDate], [lastModifiedBy], [lastModifiedDate], [batchNum]) VALUES (7, N'G0718126', 1, 1, NULL, NULL, NULL, NULL, NULL, N'20170425194826')
INSERT [dbo].[CargoLocation] ([id], [code], [wareHouseId], [typeId], [score], [createBy], [createDate], [lastModifiedBy], [lastModifiedDate], [batchNum]) VALUES (8, N'G0718127', 1, 1, NULL, NULL, NULL, NULL, NULL, N'20170425194826')
INSERT [dbo].[CargoLocation] ([id], [code], [wareHouseId], [typeId], [score], [createBy], [createDate], [lastModifiedBy], [lastModifiedDate], [batchNum]) VALUES (9, N'G0718128', 1, 1, NULL, NULL, NULL, NULL, NULL, N'20170425194826')
INSERT [dbo].[CargoLocation] ([id], [code], [wareHouseId], [typeId], [score], [createBy], [createDate], [lastModifiedBy], [lastModifiedDate], [batchNum]) VALUES (10, N'G0718129', 1, 1, NULL, NULL, NULL, NULL, NULL, N'20170425194826')
INSERT [dbo].[CargoLocation] ([id], [code], [wareHouseId], [typeId], [score], [createBy], [createDate], [lastModifiedBy], [lastModifiedDate], [batchNum]) VALUES (11, N'G0718130', 1, 1, NULL, NULL, NULL, NULL, NULL, N'20170425194826')
INSERT [dbo].[CargoLocation] ([id], [code], [wareHouseId], [typeId], [score], [createBy], [createDate], [lastModifiedBy], [lastModifiedDate], [batchNum]) VALUES (12, N'G0718131', 1, 1, NULL, NULL, NULL, NULL, NULL, N'20170425194826')
INSERT [dbo].[CargoLocation] ([id], [code], [wareHouseId], [typeId], [score], [createBy], [createDate], [lastModifiedBy], [lastModifiedDate], [batchNum]) VALUES (13, N'G0718132', 1, 1, NULL, NULL, NULL, NULL, NULL, N'20170425194826')
INSERT [dbo].[CargoLocation] ([id], [code], [wareHouseId], [typeId], [score], [createBy], [createDate], [lastModifiedBy], [lastModifiedDate], [batchNum]) VALUES (14, N'G0718133', 1, 1, NULL, NULL, NULL, NULL, NULL, N'20170425194826')
INSERT [dbo].[CargoLocation] ([id], [code], [wareHouseId], [typeId], [score], [createBy], [createDate], [lastModifiedBy], [lastModifiedDate], [batchNum]) VALUES (15, N'G0718134', 1, 1, NULL, NULL, NULL, NULL, NULL, N'20170425194826')
INSERT [dbo].[CargoLocation] ([id], [code], [wareHouseId], [typeId], [score], [createBy], [createDate], [lastModifiedBy], [lastModifiedDate], [batchNum]) VALUES (16, N'G0718135', 1, 1, NULL, NULL, NULL, NULL, NULL, N'20170425194826')
INSERT [dbo].[CargoLocation] ([id], [code], [wareHouseId], [typeId], [score], [createBy], [createDate], [lastModifiedBy], [lastModifiedDate], [batchNum]) VALUES (17, N'G0718136', 1, 1, NULL, NULL, NULL, NULL, NULL, N'20170425194826')
INSERT [dbo].[CargoLocation] ([id], [code], [wareHouseId], [typeId], [score], [createBy], [createDate], [lastModifiedBy], [lastModifiedDate], [batchNum]) VALUES (18, N'G0718137', 1, 1, NULL, NULL, NULL, NULL, NULL, N'20170425194826')
INSERT [dbo].[CargoLocation] ([id], [code], [wareHouseId], [typeId], [score], [createBy], [createDate], [lastModifiedBy], [lastModifiedDate], [batchNum]) VALUES (19, N'G0718138', 1, 1, NULL, NULL, NULL, NULL, NULL, N'20170425194826')
INSERT [dbo].[CargoLocation] ([id], [code], [wareHouseId], [typeId], [score], [createBy], [createDate], [lastModifiedBy], [lastModifiedDate], [batchNum]) VALUES (20, N'G0718139', 1, 2, NULL, NULL, NULL, NULL, NULL, N'20170425194826')
INSERT [dbo].[CargoLocation] ([id], [code], [wareHouseId], [typeId], [score], [createBy], [createDate], [lastModifiedBy], [lastModifiedDate], [batchNum]) VALUES (21, N'G0718140', 1, 2, NULL, NULL, NULL, NULL, NULL, N'20170425194826')
INSERT [dbo].[CargoLocation] ([id], [code], [wareHouseId], [typeId], [score], [createBy], [createDate], [lastModifiedBy], [lastModifiedDate], [batchNum]) VALUES (22, N'G0718141', 1, 2, NULL, NULL, NULL, NULL, NULL, N'20170425194826')
INSERT [dbo].[CargoLocation] ([id], [code], [wareHouseId], [typeId], [score], [createBy], [createDate], [lastModifiedBy], [lastModifiedDate], [batchNum]) VALUES (23, N'G0718142', 1, 2, NULL, NULL, NULL, NULL, NULL, N'20170425194826')
INSERT [dbo].[CargoLocation] ([id], [code], [wareHouseId], [typeId], [score], [createBy], [createDate], [lastModifiedBy], [lastModifiedDate], [batchNum]) VALUES (24, N'G0718143', 1, 2, NULL, NULL, NULL, NULL, NULL, N'20170425194826')
INSERT [dbo].[CargoLocation] ([id], [code], [wareHouseId], [typeId], [score], [createBy], [createDate], [lastModifiedBy], [lastModifiedDate], [batchNum]) VALUES (25, N'G0718144', 1, 2, NULL, NULL, NULL, NULL, NULL, N'20170425194826')
INSERT [dbo].[CargoLocation] ([id], [code], [wareHouseId], [typeId], [score], [createBy], [createDate], [lastModifiedBy], [lastModifiedDate], [batchNum]) VALUES (26, N'G0718145', 1, 2, NULL, NULL, NULL, NULL, NULL, N'20170425194826')
INSERT [dbo].[CargoLocation] ([id], [code], [wareHouseId], [typeId], [score], [createBy], [createDate], [lastModifiedBy], [lastModifiedDate], [batchNum]) VALUES (27, N'G0718146', 1, 3, NULL, NULL, NULL, NULL, NULL, N'20170425194826')
INSERT [dbo].[CargoLocation] ([id], [code], [wareHouseId], [typeId], [score], [createBy], [createDate], [lastModifiedBy], [lastModifiedDate], [batchNum]) VALUES (28, N'G0718147', 1, 3, NULL, NULL, NULL, NULL, NULL, N'20170425194826')
INSERT [dbo].[CargoLocation] ([id], [code], [wareHouseId], [typeId], [score], [createBy], [createDate], [lastModifiedBy], [lastModifiedDate], [batchNum]) VALUES (29, N'G0718148', 1, 3, NULL, NULL, NULL, NULL, NULL, N'20170425194826')
INSERT [dbo].[CargoLocation] ([id], [code], [wareHouseId], [typeId], [score], [createBy], [createDate], [lastModifiedBy], [lastModifiedDate], [batchNum]) VALUES (30, N'G0718149', 1, 3, NULL, NULL, NULL, NULL, NULL, N'20170425194826')
INSERT [dbo].[CargoLocation] ([id], [code], [wareHouseId], [typeId], [score], [createBy], [createDate], [lastModifiedBy], [lastModifiedDate], [batchNum]) VALUES (31, N'G0718150', 1, 3, NULL, NULL, NULL, NULL, NULL, N'20170425194826')
INSERT [dbo].[CargoLocation] ([id], [code], [wareHouseId], [typeId], [score], [createBy], [createDate], [lastModifiedBy], [lastModifiedDate], [batchNum]) VALUES (32, N'G0718151', 1, 3, NULL, NULL, NULL, NULL, NULL, N'20170425194826')
INSERT [dbo].[CargoLocation] ([id], [code], [wareHouseId], [typeId], [score], [createBy], [createDate], [lastModifiedBy], [lastModifiedDate], [batchNum]) VALUES (33, N'G0718152', 1, 3, NULL, NULL, NULL, NULL, NULL, N'20170425194826')
INSERT [dbo].[CargoLocation] ([id], [code], [wareHouseId], [typeId], [score], [createBy], [createDate], [lastModifiedBy], [lastModifiedDate], [batchNum]) VALUES (34, N'G0718153', 1, 5, NULL, NULL, NULL, NULL, NULL, N'20170425194826')
INSERT [dbo].[CargoLocation] ([id], [code], [wareHouseId], [typeId], [score], [createBy], [createDate], [lastModifiedBy], [lastModifiedDate], [batchNum]) VALUES (35, N'G0718154', 1, 5, NULL, NULL, NULL, NULL, NULL, N'20170425194826')
INSERT [dbo].[CargoLocation] ([id], [code], [wareHouseId], [typeId], [score], [createBy], [createDate], [lastModifiedBy], [lastModifiedDate], [batchNum]) VALUES (36, N'G0718155', 1, 5, NULL, NULL, NULL, NULL, NULL, N'20170425194826')
INSERT [dbo].[CargoLocation] ([id], [code], [wareHouseId], [typeId], [score], [createBy], [createDate], [lastModifiedBy], [lastModifiedDate], [batchNum]) VALUES (37, N'G0718156', 1, 5, NULL, NULL, NULL, NULL, NULL, N'20170425194826')
INSERT [dbo].[CargoLocation] ([id], [code], [wareHouseId], [typeId], [score], [createBy], [createDate], [lastModifiedBy], [lastModifiedDate], [batchNum]) VALUES (38, N'G0718157', 1, 5, NULL, NULL, NULL, NULL, NULL, N'20170425194826')
INSERT [dbo].[CargoLocation] ([id], [code], [wareHouseId], [typeId], [score], [createBy], [createDate], [lastModifiedBy], [lastModifiedDate], [batchNum]) VALUES (39, N'G0718158', 1, 5, NULL, NULL, NULL, NULL, NULL, N'20170425194826')
SET IDENTITY_INSERT [dbo].[CargoLocation] OFF
/****** Object:  Table [dbo].[Material]    Script Date: 05/03/2017 23:59:01 ******/
SET IDENTITY_INSERT [dbo].[Material] ON
INSERT [dbo].[Material] ([id], [code], [maxStore], [length], [width], [height], [faceUp], [wareHouseId], [cargoLocationId], [allAppropriateLibraryTypes], [extendAllAppropriateLibraryTypes], [optimalLocationType], [optimalPlacement], [recommendedLocationType], [recommendedPlacement], [createBy], [createDate], [lastModifiedBy], [lastModifiedDate]) VALUES (1, N'7119902267', 15, 1.5, 1.2, 2, NULL, 1, 1, N'', N'', N'A1', N'1.2*1.5*2.0', N'', N'', NULL, NULL, NULL, NULL)
INSERT [dbo].[Material] ([id], [code], [maxStore], [length], [width], [height], [faceUp], [wareHouseId], [cargoLocationId], [allAppropriateLibraryTypes], [extendAllAppropriateLibraryTypes], [optimalLocationType], [optimalPlacement], [recommendedLocationType], [recommendedPlacement], [createBy], [createDate], [lastModifiedBy], [lastModifiedDate]) VALUES (2, N'7119902268', 15, 1.5, 1.2, 2, NULL, 1, 2, N'', N'', N'A1', N'1.2*1.5*2.0', N'', N'', NULL, NULL, NULL, NULL)
INSERT [dbo].[Material] ([id], [code], [maxStore], [length], [width], [height], [faceUp], [wareHouseId], [cargoLocationId], [allAppropriateLibraryTypes], [extendAllAppropriateLibraryTypes], [optimalLocationType], [optimalPlacement], [recommendedLocationType], [recommendedPlacement], [createBy], [createDate], [lastModifiedBy], [lastModifiedDate]) VALUES (3, N'7119902269', 15, 1.5, 1.2, 2, NULL, 1, 3, N'', N'', N'A1', N'1.2*1.5*2.0', N'', N'', NULL, NULL, NULL, NULL)
INSERT [dbo].[Material] ([id], [code], [maxStore], [length], [width], [height], [faceUp], [wareHouseId], [cargoLocationId], [allAppropriateLibraryTypes], [extendAllAppropriateLibraryTypes], [optimalLocationType], [optimalPlacement], [recommendedLocationType], [recommendedPlacement], [createBy], [createDate], [lastModifiedBy], [lastModifiedDate]) VALUES (4, N'7119902270', 15, 1.5, 1.2, 2, NULL, 1, 4, N'', N'', N'A1', N'1.2*1.5*2.0', N'', N'', NULL, NULL, NULL, NULL)
INSERT [dbo].[Material] ([id], [code], [maxStore], [length], [width], [height], [faceUp], [wareHouseId], [cargoLocationId], [allAppropriateLibraryTypes], [extendAllAppropriateLibraryTypes], [optimalLocationType], [optimalPlacement], [recommendedLocationType], [recommendedPlacement], [createBy], [createDate], [lastModifiedBy], [lastModifiedDate]) VALUES (5, N'7119902271', 15, 1.5, 1.2, 2, NULL, 1, 5, N'', N'', N'A1', N'1.2*1.5*2.0', N'', N'', NULL, NULL, NULL, NULL)
INSERT [dbo].[Material] ([id], [code], [maxStore], [length], [width], [height], [faceUp], [wareHouseId], [cargoLocationId], [allAppropriateLibraryTypes], [extendAllAppropriateLibraryTypes], [optimalLocationType], [optimalPlacement], [recommendedLocationType], [recommendedPlacement], [createBy], [createDate], [lastModifiedBy], [lastModifiedDate]) VALUES (6, N'7119902272', 15, 1.5, 1.2, 2, NULL, 1, 6, N'', N'', N'A1', N'1.2*1.5*2.0', N'', N'', NULL, NULL, NULL, NULL)
INSERT [dbo].[Material] ([id], [code], [maxStore], [length], [width], [height], [faceUp], [wareHouseId], [cargoLocationId], [allAppropriateLibraryTypes], [extendAllAppropriateLibraryTypes], [optimalLocationType], [optimalPlacement], [recommendedLocationType], [recommendedPlacement], [createBy], [createDate], [lastModifiedBy], [lastModifiedDate]) VALUES (7, N'7119902273', 15, 1.5, 1.2, 2, NULL, 1, 7, N'', N'', N'A1', N'1.2*1.5*2.0', N'', N'', NULL, NULL, NULL, NULL)
INSERT [dbo].[Material] ([id], [code], [maxStore], [length], [width], [height], [faceUp], [wareHouseId], [cargoLocationId], [allAppropriateLibraryTypes], [extendAllAppropriateLibraryTypes], [optimalLocationType], [optimalPlacement], [recommendedLocationType], [recommendedPlacement], [createBy], [createDate], [lastModifiedBy], [lastModifiedDate]) VALUES (8, N'7119902274', 15, 1.5, 1.2, 2, NULL, 1, 8, N'', N'', N'A1', N'1.2*1.5*2.0', N'', N'', NULL, NULL, NULL, NULL)
INSERT [dbo].[Material] ([id], [code], [maxStore], [length], [width], [height], [faceUp], [wareHouseId], [cargoLocationId], [allAppropriateLibraryTypes], [extendAllAppropriateLibraryTypes], [optimalLocationType], [optimalPlacement], [recommendedLocationType], [recommendedPlacement], [createBy], [createDate], [lastModifiedBy], [lastModifiedDate]) VALUES (9, N'7119902275', 15, 1.5, 1.2, 2, NULL, 1, 9, N'', N'', N'A1', N'1.2*1.5*2.0', N'', N'', NULL, NULL, NULL, NULL)
INSERT [dbo].[Material] ([id], [code], [maxStore], [length], [width], [height], [faceUp], [wareHouseId], [cargoLocationId], [allAppropriateLibraryTypes], [extendAllAppropriateLibraryTypes], [optimalLocationType], [optimalPlacement], [recommendedLocationType], [recommendedPlacement], [createBy], [createDate], [lastModifiedBy], [lastModifiedDate]) VALUES (10, N'7119902276', 15, 1.5, 1.2, 2, NULL, 1, 10, N'', N'', N'A1', N'1.2*1.5*2.0', N'', N'', NULL, NULL, NULL, NULL)
INSERT [dbo].[Material] ([id], [code], [maxStore], [length], [width], [height], [faceUp], [wareHouseId], [cargoLocationId], [allAppropriateLibraryTypes], [extendAllAppropriateLibraryTypes], [optimalLocationType], [optimalPlacement], [recommendedLocationType], [recommendedPlacement], [createBy], [createDate], [lastModifiedBy], [lastModifiedDate]) VALUES (11, N'7119902277', 15, 1.5, 1.2, 2, NULL, 1, 11, N'', N'', N'A1', N'1.2*1.5*2.0', N'', N'', NULL, NULL, NULL, NULL)
INSERT [dbo].[Material] ([id], [code], [maxStore], [length], [width], [height], [faceUp], [wareHouseId], [cargoLocationId], [allAppropriateLibraryTypes], [extendAllAppropriateLibraryTypes], [optimalLocationType], [optimalPlacement], [recommendedLocationType], [recommendedPlacement], [createBy], [createDate], [lastModifiedBy], [lastModifiedDate]) VALUES (12, N'7119902278', 16, 1.5, 1.2, 2, NULL, 1, 12, N'', N'', N'A1', N'1.2*1.5*2.0', N'', N'', NULL, NULL, NULL, NULL)
INSERT [dbo].[Material] ([id], [code], [maxStore], [length], [width], [height], [faceUp], [wareHouseId], [cargoLocationId], [allAppropriateLibraryTypes], [extendAllAppropriateLibraryTypes], [optimalLocationType], [optimalPlacement], [recommendedLocationType], [recommendedPlacement], [createBy], [createDate], [lastModifiedBy], [lastModifiedDate]) VALUES (13, N'7119902279', 17, 1.5, 1.2, 2, NULL, 1, 13, N'', N'', N'A1', N'1.2*1.5*2.0', N'', N'', NULL, NULL, NULL, NULL)
INSERT [dbo].[Material] ([id], [code], [maxStore], [length], [width], [height], [faceUp], [wareHouseId], [cargoLocationId], [allAppropriateLibraryTypes], [extendAllAppropriateLibraryTypes], [optimalLocationType], [optimalPlacement], [recommendedLocationType], [recommendedPlacement], [createBy], [createDate], [lastModifiedBy], [lastModifiedDate]) VALUES (14, N'7119902280', 18, 1.5, 1.2, 2, NULL, 1, 14, N'', N'', N'A1', N'1.2*1.5*2.0', N'', N'', NULL, NULL, NULL, NULL)
INSERT [dbo].[Material] ([id], [code], [maxStore], [length], [width], [height], [faceUp], [wareHouseId], [cargoLocationId], [allAppropriateLibraryTypes], [extendAllAppropriateLibraryTypes], [optimalLocationType], [optimalPlacement], [recommendedLocationType], [recommendedPlacement], [createBy], [createDate], [lastModifiedBy], [lastModifiedDate]) VALUES (15, N'7119902281', 19, 1.5, 1.2, 2, NULL, 1, 15, N'', N'', N'A1', N'1.2*1.5*2.0', N'', N'', NULL, NULL, NULL, NULL)
INSERT [dbo].[Material] ([id], [code], [maxStore], [length], [width], [height], [faceUp], [wareHouseId], [cargoLocationId], [allAppropriateLibraryTypes], [extendAllAppropriateLibraryTypes], [optimalLocationType], [optimalPlacement], [recommendedLocationType], [recommendedPlacement], [createBy], [createDate], [lastModifiedBy], [lastModifiedDate]) VALUES (16, N'7119902282', 20, 1.5, 1.2, 2, NULL, 1, 16, N'', N'', N'A1', N'1.2*1.5*2.0', N'', N'', NULL, NULL, NULL, NULL)
INSERT [dbo].[Material] ([id], [code], [maxStore], [length], [width], [height], [faceUp], [wareHouseId], [cargoLocationId], [allAppropriateLibraryTypes], [extendAllAppropriateLibraryTypes], [optimalLocationType], [optimalPlacement], [recommendedLocationType], [recommendedPlacement], [createBy], [createDate], [lastModifiedBy], [lastModifiedDate]) VALUES (17, N'7119902283', 21, 1.5, 1.2, 2, NULL, 1, 17, N'', N'', N'A1', N'1.2*1.5*2.0', N'', N'', NULL, NULL, NULL, NULL)
INSERT [dbo].[Material] ([id], [code], [maxStore], [length], [width], [height], [faceUp], [wareHouseId], [cargoLocationId], [allAppropriateLibraryTypes], [extendAllAppropriateLibraryTypes], [optimalLocationType], [optimalPlacement], [recommendedLocationType], [recommendedPlacement], [createBy], [createDate], [lastModifiedBy], [lastModifiedDate]) VALUES (18, N'7119902284', 21, 1.5, 1.2, 2, NULL, 1, 18, N'', N'', N'A1', N'1.2*1.5*2.0', N'', N'', NULL, NULL, NULL, NULL)
INSERT [dbo].[Material] ([id], [code], [maxStore], [length], [width], [height], [faceUp], [wareHouseId], [cargoLocationId], [allAppropriateLibraryTypes], [extendAllAppropriateLibraryTypes], [optimalLocationType], [optimalPlacement], [recommendedLocationType], [recommendedPlacement], [createBy], [createDate], [lastModifiedBy], [lastModifiedDate]) VALUES (19, N'7119902285', 21, 1.5, 1.2, 2, NULL, 1, 19, N'', N'', N'A1', N'1.2*1.5*2.0', N'', N'', NULL, NULL, NULL, NULL)
INSERT [dbo].[Material] ([id], [code], [maxStore], [length], [width], [height], [faceUp], [wareHouseId], [cargoLocationId], [allAppropriateLibraryTypes], [extendAllAppropriateLibraryTypes], [optimalLocationType], [optimalPlacement], [recommendedLocationType], [recommendedPlacement], [createBy], [createDate], [lastModifiedBy], [lastModifiedDate]) VALUES (20, N'7119902286', 21, 1.5, 1.2, 2, NULL, 1, 20, N'', N'', N'A1', N'1.2*1.5*2.0', N'', N'', NULL, NULL, NULL, NULL)
INSERT [dbo].[Material] ([id], [code], [maxStore], [length], [width], [height], [faceUp], [wareHouseId], [cargoLocationId], [allAppropriateLibraryTypes], [extendAllAppropriateLibraryTypes], [optimalLocationType], [optimalPlacement], [recommendedLocationType], [recommendedPlacement], [createBy], [createDate], [lastModifiedBy], [lastModifiedDate]) VALUES (21, N'7119902287', 21, 1.5, 1.2, 2, NULL, 1, 21, N'', N'', N'A1', N'1.2*1.5*2.0', N'', N'', NULL, NULL, NULL, NULL)
INSERT [dbo].[Material] ([id], [code], [maxStore], [length], [width], [height], [faceUp], [wareHouseId], [cargoLocationId], [allAppropriateLibraryTypes], [extendAllAppropriateLibraryTypes], [optimalLocationType], [optimalPlacement], [recommendedLocationType], [recommendedPlacement], [createBy], [createDate], [lastModifiedBy], [lastModifiedDate]) VALUES (22, N'7119902288', 21, 1.5, 1.2, 2, NULL, 1, 22, N'', N'', N'A1', N'1.2*1.5*2.0', N'', N'', NULL, NULL, NULL, NULL)
INSERT [dbo].[Material] ([id], [code], [maxStore], [length], [width], [height], [faceUp], [wareHouseId], [cargoLocationId], [allAppropriateLibraryTypes], [extendAllAppropriateLibraryTypes], [optimalLocationType], [optimalPlacement], [recommendedLocationType], [recommendedPlacement], [createBy], [createDate], [lastModifiedBy], [lastModifiedDate]) VALUES (23, N'7119902289', 21, 1.5, 1.2, 2, NULL, 1, 23, N'', N'', N'A1', N'1.2*1.5*2.0', N'', N'', NULL, NULL, NULL, NULL)
INSERT [dbo].[Material] ([id], [code], [maxStore], [length], [width], [height], [faceUp], [wareHouseId], [cargoLocationId], [allAppropriateLibraryTypes], [extendAllAppropriateLibraryTypes], [optimalLocationType], [optimalPlacement], [recommendedLocationType], [recommendedPlacement], [createBy], [createDate], [lastModifiedBy], [lastModifiedDate]) VALUES (24, N'7119902290', 21, 1.5, 1.2, 2, NULL, 1, 24, N'', N'', N'A1', N'1.2*1.5*2.0', N'', N'', NULL, NULL, NULL, NULL)
INSERT [dbo].[Material] ([id], [code], [maxStore], [length], [width], [height], [faceUp], [wareHouseId], [cargoLocationId], [allAppropriateLibraryTypes], [extendAllAppropriateLibraryTypes], [optimalLocationType], [optimalPlacement], [recommendedLocationType], [recommendedPlacement], [createBy], [createDate], [lastModifiedBy], [lastModifiedDate]) VALUES (25, N'7119902291', 21, 1.5, 1.2, 2, NULL, 1, 25, N'', N'', N'A1', N'1.2*1.5*2.0', N'', N'', NULL, NULL, NULL, NULL)
INSERT [dbo].[Material] ([id], [code], [maxStore], [length], [width], [height], [faceUp], [wareHouseId], [cargoLocationId], [allAppropriateLibraryTypes], [extendAllAppropriateLibraryTypes], [optimalLocationType], [optimalPlacement], [recommendedLocationType], [recommendedPlacement], [createBy], [createDate], [lastModifiedBy], [lastModifiedDate]) VALUES (26, N'7119902292', 21, 2.5, 2.2, 2, NULL, 1, 26, N'', N'', N'', N'', N'', N'', NULL, NULL, NULL, NULL)
INSERT [dbo].[Material] ([id], [code], [maxStore], [length], [width], [height], [faceUp], [wareHouseId], [cargoLocationId], [allAppropriateLibraryTypes], [extendAllAppropriateLibraryTypes], [optimalLocationType], [optimalPlacement], [recommendedLocationType], [recommendedPlacement], [createBy], [createDate], [lastModifiedBy], [lastModifiedDate]) VALUES (27, N'7119902293', 21, 2.5, 3.2, 2, NULL, 1, 27, N'', N'', N'', N'', N'', N'', NULL, NULL, NULL, NULL)
INSERT [dbo].[Material] ([id], [code], [maxStore], [length], [width], [height], [faceUp], [wareHouseId], [cargoLocationId], [allAppropriateLibraryTypes], [extendAllAppropriateLibraryTypes], [optimalLocationType], [optimalPlacement], [recommendedLocationType], [recommendedPlacement], [createBy], [createDate], [lastModifiedBy], [lastModifiedDate]) VALUES (28, N'7119902294', 21, 2.5, 0.7, 2, NULL, 1, 28, N'', N'', N'A2', N'2.5*0.7*2.0', N'', N'', NULL, NULL, NULL, NULL)
INSERT [dbo].[Material] ([id], [code], [maxStore], [length], [width], [height], [faceUp], [wareHouseId], [cargoLocationId], [allAppropriateLibraryTypes], [extendAllAppropriateLibraryTypes], [optimalLocationType], [optimalPlacement], [recommendedLocationType], [recommendedPlacement], [createBy], [createDate], [lastModifiedBy], [lastModifiedDate]) VALUES (29, N'7119902295', 21, 2.5, 5.2, 2, NULL, 1, 29, N'', N'', N'', N'', N'', N'', NULL, NULL, NULL, NULL)
INSERT [dbo].[Material] ([id], [code], [maxStore], [length], [width], [height], [faceUp], [wareHouseId], [cargoLocationId], [allAppropriateLibraryTypes], [extendAllAppropriateLibraryTypes], [optimalLocationType], [optimalPlacement], [recommendedLocationType], [recommendedPlacement], [createBy], [createDate], [lastModifiedBy], [lastModifiedDate]) VALUES (30, N'7119902296', 21, 2.5, 4.2, 2, NULL, 1, 30, N'', N'', N'', N'', N'', N'', NULL, NULL, NULL, NULL)
INSERT [dbo].[Material] ([id], [code], [maxStore], [length], [width], [height], [faceUp], [wareHouseId], [cargoLocationId], [allAppropriateLibraryTypes], [extendAllAppropriateLibraryTypes], [optimalLocationType], [optimalPlacement], [recommendedLocationType], [recommendedPlacement], [createBy], [createDate], [lastModifiedBy], [lastModifiedDate]) VALUES (31, N'7119902297', 21, 2.5, 1.5, 2, NULL, 1, 31, N'', N'', N'A1', N'2.5*1.5*2.0', N'', N'', NULL, NULL, NULL, NULL)
INSERT [dbo].[Material] ([id], [code], [maxStore], [length], [width], [height], [faceUp], [wareHouseId], [cargoLocationId], [allAppropriateLibraryTypes], [extendAllAppropriateLibraryTypes], [optimalLocationType], [optimalPlacement], [recommendedLocationType], [recommendedPlacement], [createBy], [createDate], [lastModifiedBy], [lastModifiedDate]) VALUES (32, N'7119902298', 21, 2.5, 1.5, 2, NULL, 1, 32, N'', N'', N'A1', N'2.5*1.5*2.0', N'', N'', NULL, NULL, NULL, NULL)
INSERT [dbo].[Material] ([id], [code], [maxStore], [length], [width], [height], [faceUp], [wareHouseId], [cargoLocationId], [allAppropriateLibraryTypes], [extendAllAppropriateLibraryTypes], [optimalLocationType], [optimalPlacement], [recommendedLocationType], [recommendedPlacement], [createBy], [createDate], [lastModifiedBy], [lastModifiedDate]) VALUES (33, N'7119902299', 21, 2.5, 1.5, 2, NULL, 1, 33, N'', N'', N'A1', N'2.5*1.5*2.0', N'', N'', NULL, NULL, NULL, NULL)
INSERT [dbo].[Material] ([id], [code], [maxStore], [length], [width], [height], [faceUp], [wareHouseId], [cargoLocationId], [allAppropriateLibraryTypes], [extendAllAppropriateLibraryTypes], [optimalLocationType], [optimalPlacement], [recommendedLocationType], [recommendedPlacement], [createBy], [createDate], [lastModifiedBy], [lastModifiedDate]) VALUES (34, N'7119902300', 21, 2.5, 1.5, 2, NULL, 1, 34, N'', N'', N'A1', N'2.5*1.5*2.0', N'', N'', NULL, NULL, NULL, NULL)
INSERT [dbo].[Material] ([id], [code], [maxStore], [length], [width], [height], [faceUp], [wareHouseId], [cargoLocationId], [allAppropriateLibraryTypes], [extendAllAppropriateLibraryTypes], [optimalLocationType], [optimalPlacement], [recommendedLocationType], [recommendedPlacement], [createBy], [createDate], [lastModifiedBy], [lastModifiedDate]) VALUES (35, N'7119902301', 21, 2.5, 1.5, 2, NULL, 1, 35, N'', N'', N'A1', N'2.5*1.5*2.0', N'', N'', NULL, NULL, NULL, NULL)
INSERT [dbo].[Material] ([id], [code], [maxStore], [length], [width], [height], [faceUp], [wareHouseId], [cargoLocationId], [allAppropriateLibraryTypes], [extendAllAppropriateLibraryTypes], [optimalLocationType], [optimalPlacement], [recommendedLocationType], [recommendedPlacement], [createBy], [createDate], [lastModifiedBy], [lastModifiedDate]) VALUES (36, N'7119902302', 21, 2.5, 1.5, 2, NULL, 1, 36, N'', N'', N'A1', N'2.5*1.5*2.0', N'', N'', NULL, NULL, NULL, NULL)
INSERT [dbo].[Material] ([id], [code], [maxStore], [length], [width], [height], [faceUp], [wareHouseId], [cargoLocationId], [allAppropriateLibraryTypes], [extendAllAppropriateLibraryTypes], [optimalLocationType], [optimalPlacement], [recommendedLocationType], [recommendedPlacement], [createBy], [createDate], [lastModifiedBy], [lastModifiedDate]) VALUES (37, N'7119902303', 21, 2.5, 1.1, 2, NULL, 1, 37, N'', N'', N'A2', N'2.5*1.1*2.0', N'', N'', NULL, NULL, NULL, NULL)
INSERT [dbo].[Material] ([id], [code], [maxStore], [length], [width], [height], [faceUp], [wareHouseId], [cargoLocationId], [allAppropriateLibraryTypes], [extendAllAppropriateLibraryTypes], [optimalLocationType], [optimalPlacement], [recommendedLocationType], [recommendedPlacement], [createBy], [createDate], [lastModifiedBy], [lastModifiedDate]) VALUES (38, N'7119902304', 21, 2.5, 1.1, 2, NULL, 1, 38, N'', N'', N'A2', N'2.5*1.1*2.0', N'', N'', NULL, NULL, NULL, NULL)
INSERT [dbo].[Material] ([id], [code], [maxStore], [length], [width], [height], [faceUp], [wareHouseId], [cargoLocationId], [allAppropriateLibraryTypes], [extendAllAppropriateLibraryTypes], [optimalLocationType], [optimalPlacement], [recommendedLocationType], [recommendedPlacement], [createBy], [createDate], [lastModifiedBy], [lastModifiedDate]) VALUES (39, N'7119902305', 21, 2.5, 1.1, 2, NULL, 1, 39, N'', N'', N'A2', N'2.5*1.1*2.0', N'', N'', NULL, NULL, NULL, NULL)
INSERT [dbo].[Material] ([id], [code], [maxStore], [length], [width], [height], [faceUp], [wareHouseId], [cargoLocationId], [allAppropriateLibraryTypes], [extendAllAppropriateLibraryTypes], [optimalLocationType], [optimalPlacement], [recommendedLocationType], [recommendedPlacement], [createBy], [createDate], [lastModifiedBy], [lastModifiedDate]) VALUES (40, N'7119902306', 21, 2.5, 1.1, 2, NULL, NULL, NULL, NULL, NULL, NULL, NULL, NULL, NULL, NULL, NULL, NULL, NULL)
INSERT [dbo].[Material] ([id], [code], [maxStore], [length], [width], [height], [faceUp], [wareHouseId], [cargoLocationId], [allAppropriateLibraryTypes], [extendAllAppropriateLibraryTypes], [optimalLocationType], [optimalPlacement], [recommendedLocationType], [recommendedPlacement], [createBy], [createDate], [lastModifiedBy], [lastModifiedDate]) VALUES (41, N'7119902307', 21, 2.5, 1.1, 2, NULL, NULL, NULL, NULL, NULL, NULL, NULL, NULL, NULL, NULL, NULL, NULL, NULL)
INSERT [dbo].[Material] ([id], [code], [maxStore], [length], [width], [height], [faceUp], [wareHouseId], [cargoLocationId], [allAppropriateLibraryTypes], [extendAllAppropriateLibraryTypes], [optimalLocationType], [optimalPlacement], [recommendedLocationType], [recommendedPlacement], [createBy], [createDate], [lastModifiedBy], [lastModifiedDate]) VALUES (42, N'7119902308', 21, 2.5, 1.1, 2, NULL, NULL, NULL, NULL, NULL, NULL, NULL, NULL, NULL, NULL, NULL, NULL, NULL)
INSERT [dbo].[Material] ([id], [code], [maxStore], [length], [width], [height], [faceUp], [wareHouseId], [cargoLocationId], [allAppropriateLibraryTypes], [extendAllAppropriateLibraryTypes], [optimalLocationType], [optimalPlacement], [recommendedLocationType], [recommendedPlacement], [createBy], [createDate], [lastModifiedBy], [lastModifiedDate]) VALUES (43, N'7119902309', 21, 2.5, 1.1, 2, NULL, NULL, NULL, NULL, NULL, NULL, NULL, NULL, NULL, NULL, NULL, NULL, NULL)
INSERT [dbo].[Material] ([id], [code], [maxStore], [length], [width], [height], [faceUp], [wareHouseId], [cargoLocationId], [allAppropriateLibraryTypes], [extendAllAppropriateLibraryTypes], [optimalLocationType], [optimalPlacement], [recommendedLocationType], [recommendedPlacement], [createBy], [createDate], [lastModifiedBy], [lastModifiedDate]) VALUES (44, N'7119902310', 21, 2.5, 1.9, 2, NULL, NULL, NULL, NULL, NULL, NULL, NULL, NULL, NULL, NULL, NULL, NULL, NULL)
INSERT [dbo].[Material] ([id], [code], [maxStore], [length], [width], [height], [faceUp], [wareHouseId], [cargoLocationId], [allAppropriateLibraryTypes], [extendAllAppropriateLibraryTypes], [optimalLocationType], [optimalPlacement], [recommendedLocationType], [recommendedPlacement], [createBy], [createDate], [lastModifiedBy], [lastModifiedDate]) VALUES (45, N'7119902311', 21, 3.5, 1.9, 2, NULL, NULL, NULL, NULL, NULL, NULL, NULL, NULL, NULL, NULL, NULL, NULL, NULL)
INSERT [dbo].[Material] ([id], [code], [maxStore], [length], [width], [height], [faceUp], [wareHouseId], [cargoLocationId], [allAppropriateLibraryTypes], [extendAllAppropriateLibraryTypes], [optimalLocationType], [optimalPlacement], [recommendedLocationType], [recommendedPlacement], [createBy], [createDate], [lastModifiedBy], [lastModifiedDate]) VALUES (46, N'7119902312', 21, 3.5, 1.9, 2, NULL, NULL, NULL, NULL, NULL, NULL, NULL, NULL, NULL, NULL, NULL, NULL, NULL)
INSERT [dbo].[Material] ([id], [code], [maxStore], [length], [width], [height], [faceUp], [wareHouseId], [cargoLocationId], [allAppropriateLibraryTypes], [extendAllAppropriateLibraryTypes], [optimalLocationType], [optimalPlacement], [recommendedLocationType], [recommendedPlacement], [createBy], [createDate], [lastModifiedBy], [lastModifiedDate]) VALUES (47, N'7119902313', 21, 3.5, 1.9, 2, NULL, NULL, NULL, NULL, NULL, NULL, NULL, NULL, NULL, NULL, NULL, NULL, NULL)
INSERT [dbo].[Material] ([id], [code], [maxStore], [length], [width], [height], [faceUp], [wareHouseId], [cargoLocationId], [allAppropriateLibraryTypes], [extendAllAppropriateLibraryTypes], [optimalLocationType], [optimalPlacement], [recommendedLocationType], [recommendedPlacement], [createBy], [createDate], [lastModifiedBy], [lastModifiedDate]) VALUES (48, N'7119902314', 21, 3.5, 1.9, 2, NULL, NULL, NULL, NULL, NULL, NULL, NULL, NULL, NULL, NULL, NULL, NULL, NULL)
INSERT [dbo].[Material] ([id], [code], [maxStore], [length], [width], [height], [faceUp], [wareHouseId], [cargoLocationId], [allAppropriateLibraryTypes], [extendAllAppropriateLibraryTypes], [optimalLocationType], [optimalPlacement], [recommendedLocationType], [recommendedPlacement], [createBy], [createDate], [lastModifiedBy], [lastModifiedDate]) VALUES (49, N'7119902315', 21, 3.5, 1.9, 2, NULL, NULL, NULL, NULL, NULL, NULL, NULL, NULL, NULL, NULL, NULL, NULL, NULL)
SET IDENTITY_INSERT [dbo].[Material] OFF
/****** Object:  Table [dbo].[Material_CargoLocationType_Data]    Script Date: 05/03/2017 23:59:01 ******/
